Hub_Name,Hub_Type,Location,State_Region,Geographical_Zone,Area_In_Acres,Target_Capacity_TEU_Annum,Capacity_Utilization_Pct,Utilized_Volume_TEU_Annual,Investment_Cost_Crores,Development_Phase,Connectivity_Modes,Connectivity_Matrix,Rail_Physical_Destinations,Road_Physical_Destinations,Port_Physical_Destinations,Airport_Physical_Destinations,Outbound_Rail_Pct,Outbound_Road_Pct,Outbound_Port_Pct,Outbound_Airport_Pct,Heavy_Machinery_Fleet,Catchment_Score,Avg_Freight_Speed_KmH,Real_Anchor_Industries,Industry_Driving_Distance_KM,Pipeline_Tracker,Regulatory_Layer,Transaction_Proxies_Bilty,Data_Source_Verification_Link,Source_Authentication,Verification_Status
Hyderabad Multi-Modal Logistics Park,Multi-Modal Logistics Park,Hyderabad,Telangana,South,0,0,0,0,0,At various stages of feasibility studies,null,null,null,null,null,null,0,0,0,0,0,0,0,null,0,All other 30 MMLPs are at various stages of feasibility studies,Union Minister for Road Transport and Highways reply in Rajya Sabha; Ministry of Road Transport & Highways,null,https://blog.tatanexarc.com/logistics/mmlp-in-india/ ; https://byjus.com/current-affairs/multimodal-logistics-park-mmlp/ ; https://en.wikipedia.org/wiki/Multi-Modal_Logistics_Parks_in_India ; https://nhlml.org/multi-modal-logistics-park ; https://pib.gov.in/PressReleasePage.aspx?PRID=1911755 ; https://www.pathlogicity.com/blog/multi-modal-logistics-park/,Government (pib.gov.in),Verified
Bangalore Multi-Modal Logistics Park,Multi-Modal Logistics Park,Bangalore,Karnataka,South,400.0,0,0,0,1770.0,Under evaluation,null,1600 acres land identified in Mudalinganahalli and Hulikunte; state government identified Dabaspete as the site for the park for Bengaluru in Karnataka,null,null,null,null,0,0,0,0,0,0,0,null,0,Status: Under evaluation; Prop. capacity (Area in Acres): 400.00; Investment INR Cr.: 1770.00,Union Minister for Road Transport and Highways reply in Rajya Sabha; Ministry of Road Transport & Highways,null,https://byjus.com/current-affairs/multimodal-logistics-park-mmlp/ ; https://en.wikipedia.org/wiki/Multi-Modal_Logistics_Parks_in_India ; https://nhlml.org/multi-modal-logistics-park ; https://pib.gov.in/PressReleasePage.aspx?PRID=1911755,Government (pib.gov.in),Verified
Pune Multi-Modal Logistics Park,Multi-Modal Logistics Park,Pune,Maharashtra,West,0,0,0,0,0,At various stages of feasibility studies,null,null,null,null,null,null,0,0,0,0,0,0,0,null,0,All other 30 MMLPs are at various stages of feasibility studies,Union Minister for Road Transport and Highways reply in Rajya Sabha; Ministry of Road Transport & Highways,null,https://blog.tatanexarc.com/logistics/mmlp-in-india/ ; https://byjus.com/current-affairs/multimodal-logistics-park-mmlp/ ; https://en.wikipedia.org/wiki/Multi-Modal_Logistics_Parks_in_India ; https://nhlml.org/multi-modal-logistics-park ; https://pib.gov.in/PressReleasePage.aspx?PRID=1911755 ; https://www.pathlogicity.com/blog/multi-modal-logistics-park/,Government (pib.gov.in),Verified
Anantapur Multi-Modal Logistics Park,Multi-Modal Logistics Park,"Gondipalli village, Penukonda Mandal, Sathya Sai district",Andhra Pradesh,South,206.0,0,0,0,0,Detailed Project Study has been taken up,null,null,null,null,null,null,0,0,0,0,0,0,0,null,0,"Anantapur has emerged as prospective location based on Pre-Feasibility studies; Detailed Project Study taken up to assess potential capacity and investment; State has identified 206 acre of DKT land in Gondipalli village, Penukonda Mandal in Sathya Sai district",Union Minister for Road Transport and Highways reply in Rajya Sabha; Ministry of Road Transport & Highways,null,https://nhlml.org/multi-modal-logistics-park ; https://pib.gov.in/PressReleasePage.aspx?PRID=1911755 ; https://www.pathlogicity.com/blog/multi-modal-logistics-park/,Government (pib.gov.in),Verified
Chennai Multi-Modal Logistics Park,Multi-Modal Logistics Park,Chennai,Tamil Nadu,South,184.27,0,0,0,1423.5,Awarded,all forms of transportation,Located 52 km from Chennai Port to cut port congestion and accelerate container turnaround,null,null,Chennai Port (52 km),null,0,0,0,0,0,0,0,null,0,Status: Awarded; Prop. capacity (Area in Acres): 184.27; Investment INR Cr.: 1423.50,Union Minister for Road Transport and Highways reply in Rajya Sabha; Ministry of Road Transport & Highways,Expected to handle 7.17 million metric tonnes over 45-year concession period,https://blog.tatanexarc.com/logistics/mmlp-in-india/ ; https://byjus.com/current-affairs/multimodal-logistics-park-mmlp/ ; https://en.wikipedia.org/wiki/Multi-Modal_Logistics_Parks_in_India ; https://nhlml.org/multi-modal-logistics-park ; https://nimbuspost.com/blog/mmlp-multi-modal-logistics-parks/ ; https://pib.gov.in/PressReleasePage.aspx?PRID=1911755 ; https://www.pathlogicity.com/blog/multi-modal-logistics-park/,Government (pib.gov.in),Verified
Nagpur Multi-Modal Logistics Park,Multi-Modal Logistics Park,Nagpur,Maharashtra,Central,230.97,0,0,0,920.0,At bidding stage,"rail, road, intermodal",346 acres land of Jawaharlal Nehru Port Trust (JNPT) identified,Ex-Farukhnagar,null,Mundra; Pipapav; JNPT; Ennore,null,0,0,0,0,0,0,0,Maruti,0,Status: At bidding stage; Prop. capacity (Area in Acres): 230.97; Investment INR Cr.: 920.00,Union Minister for Road Transport and Highways reply in Rajya Sabha; Ministry of Road Transport & Highways,First rake of 123 Maruti cars from Ex-Farukhnagar on 28th April,https://blog.tatanexarc.com/logistics/mmlp-in-india/ ; https://byjus.com/current-affairs/multimodal-logistics-park-mmlp/ ; https://en.wikipedia.org/wiki/Multi-Modal_Logistics_Parks_in_India ; https://government.economictimes.indiatimes.com/news/economy/multi-modal-logistics-park-at-nagpur-begins-commercial-operations/120761526 ; https://nhlml.org/multi-modal-logistics-park ; https://nimbuspost.com/blog/mmlp-multi-modal-logistics-parks/ ; https://pib.gov.in/PressReleasePage.aspx?PRID=1911755 ; https://www.adaniports.com/logistics ; https://www.drishtiias.com/state-pcs-current-affairs/multi-modal-logistic-park-in-nagpur ; https://www.financialexpress.com/business/infrastructure-nhai-signs-pact-for-logistics-park-in-nagpur-3336959/ ; https://www.pathlogicity.com/blog/multi-modal-logistics-park/,Government (pib.gov.in),Verified
Patna Multi-Modal Logistics Park,Multi-Modal Logistics Park,Patna,Bihar,East,0,0,0,0,0,At various stages of feasibility studies,null,null,null,null,null,null,0,0,0,0,0,0,0,null,0,All other 30 MMLPs are at various stages of feasibility studies,Union Minister for Road Transport and Highways reply in Rajya Sabha; Ministry of Road Transport & Highways,null,https://blog.tatanexarc.com/logistics/mmlp-in-india/ ; https://byjus.com/current-affairs/multimodal-logistics-park-mmlp/ ; https://en.wikipedia.org/wiki/Multi-Modal_Logistics_Parks_in_India ; https://nhlml.org/multi-modal-logistics-park ; https://pib.gov.in/PressReleasePage.aspx?PRID=1911755 ; https://www.pathlogicity.com/blog/multi-modal-logistics-park/,Government (pib.gov.in),Verified
Silchar Multi-Modal Logistics Park,Multi Modal Logistics Park (MMLP),Silchar,Assam,North-East,0,0,0,0,0,null,null,null,null,null,null,null,0,0,0,0,0,0,0,null,0,null,"Cabinet Committee of Economic Affairs (CCEA), Govt. of India has approved 35 locations across India for development of Multi Modal Logistics Park (MMLP).",null,https://nhlml.org/multi-modal-logistics-park,Operator (nhlml.org),Verified
Nashik Multi-Modal Logistics Park,Multi Modal Logistics Park (MMLP),Nashik,Maharashtra,West,0,0,0,0,0,Feasibility Study/DPR completed,null,null,null,null,null,null,0,0,0,0,0,0,0,null,0,Feasibility Study/DPR completed for MMLP at Nashik.,"Cabinet Committee of Economic Affairs (CCEA), Govt. of India has approved 35 locations across India for development of Multi Modal Logistics Park (MMLP).",null,https://blog.tatanexarc.com/logistics/mmlp-in-india/ ; https://byjus.com/current-affairs/multimodal-logistics-park-mmlp/ ; https://en.wikipedia.org/wiki/Multi-Modal_Logistics_Parks_in_India ; https://grokipedia.com/page/jalna_dry_port ; https://nhlml.org/multi-modal-logistics-park ; https://www.pathlogicity.com/blog/multi-modal-logistics-park/,Operator (nhlml.org),Verified
Jogighopa Gati Shakti Cargo Terminal,Gati Shakti Multi-Modal Cargo Terminal (GCT),Jogighopa,Assam,North-East,317.0,0,0,0,693.97,Upcoming; under construction,"Rail, road, waterways",Upcoming facility among six new cargo terminals under construction across Assam; to expand Assam logistics network and deepen multimodal connectivity across the Northeast under PM Gati Shakti National Master Plan,Jogighopa station (3-km railway siding),4-lane road to Guwahati (154-km stretch),National Waterway 2,Rupsi airport,0,0,0,0,0,0,0,null,0,Upcoming facility at Jogighopa among six new cargo terminals under construction across Assam,"GCT Policy, 2021 of the Ministry of Railways",null,https://blog.tatanexarc.com/logistics/mmlp-in-india/ ; https://byjus.com/current-affairs/multimodal-logistics-park-mmlp/ ; https://en.wikipedia.org/wiki/Multi-Modal_Logistics_Parks_in_India ; https://nhlml.org/multi-modal-logistics-park ; https://nimbuspost.com/blog/mmlp-multi-modal-logistics-parks/ ; https://pib.gov.in/PressNoteDetails.aspx?NoteId=156923&ModuleId=3&reg=3&lang=1 ; https://pib.gov.in/PressReleasePage.aspx?PRID=1911755 ; https://www.logisticsinsider.in/cma-cgm-groups-new-inland-depot-facility-in-mundra-expected-to-handle-approximately-155000-teus-annually/ ; https://www.pathlogicity.com/blog/multi-modal-logistics-park/,Government (pib.gov.in),Verified
Visakhapatnam Multi-Modal Logistics Park,Multi-Modal Logistics Park,Visakhapatnam,Andhra Pradesh,South,0,0,0,0,0,At various stages of feasibility studies,null,null,null,null,null,null,0,0,0,0,0,0,0,null,0,Amongst 35 MMLPs approved for development; Detailed Feasibility Report ongoing; capacity and investment would be known after the outcome of studies; All other 30 MMLPs are at various stages of feasibility studies,Union Minister for Road Transport and Highways reply in Rajya Sabha; Ministry of Road Transport & Highways,null,https://blog.tatanexarc.com/logistics/mmlp-in-india/ ; https://byjus.com/current-affairs/multimodal-logistics-park-mmlp/ ; https://en.wikipedia.org/wiki/Multi-Modal_Logistics_Parks_in_India ; https://nhlml.org/multi-modal-logistics-park ; https://pib.gov.in/PressReleasePage.aspx?PRID=1911755,Government (pib.gov.in),Verified
Jalna Multi-Modal Logistics Park,Multi Modal Logistics Park (MMLP),Jalna,Maharashtra,West,427.0,20000.0,0,0,327.0,Commercial Operation started from June 2026,"Rail, Road, Multimodal","Dedicated rail link from Kasbe Sukane railway station on Mumbai-Manmad line with two rail-level platforms and three rail lines; double-stack container trains up to 1,500 meters; rail-over-bridge by IPRCL under Gati Shakti; road access via NH-52, NH-752H (Jalna-Aurangabad), NH-753 and DMIC; approximately 420 km east of Mumbai, ~320 km northeast of JNPT, Aurangabad ~60 km south; MoU between NHLML and JNPT for integrated road enhancements","Kasbe Sukane railway station (Mumbai-Manmad line); Jawaharlal Nehru Port Trust (JNPT/JNPA) at Uran, Navi Mumbai; South Central Railway; Dedicated Freight Corridors",NH-52; NH-752H connecting Jalna to Aurangabad; NH-753; Delhi-Mumbai Industrial Corridor (DMIC); Jalna town (~10 km); Aurangabad (~60 km south); Mumbai (~420 km east),"Jawaharlal Nehru Port Trust (JNPT/JNPA) Nhava Sheva, Uran, Navi Mumbai (~320-420 km); Mumbai Port",null,0,0,0,0,0,0,0,"Agro-commodities, agricultural goods, cotton bales, scrap iron, iron ore, finished steel products, textiles, plastics, iron and steel manufacturing, automobile manufacturing",60.0,"MMLP Jalna, Maharashtra. Commercial Operation started from June 2026.","Cabinet Committee of Economic Affairs (CCEA), Govt. of India has approved 35 locations across India for development of Multi Modal Logistics Park (MMLP).","CONCOR rail services post-inauguration; cargo transitioned from Maliwada ICD Aurangabad (~80 km); commodities include scrap iron, iron ore, finished steel, cotton bales, agricultural goods; projected monthly revenue Rs 1.8 crore to Rs 2.5 crore based on anticipated South Central Railway cargo volumes",https://en.wikipedia.org/wiki/Multi-Modal_Logistics_Parks_in_India ; https://grokipedia.com/page/jalna_dry_port ; https://nhlml.org/multi-modal-logistics-park ; https://www.pathlogicity.com/blog/multi-modal-logistics-park/,Operator (nhlml.org),Verified
Varanasi Multi-Modal Logistics Park,Multi Modal Logistics Park (MMLP),Varanasi,Uttar Pradesh,Central,0,0,0,0,0,Bid invited on PPP-DBFOT basis,null,null,null,null,null,null,0,0,0,0,0,0,0,null,0,"Bid for development of MMLP Varanasi, Uttar Pradesh is invited on PPP-DBFOT basis.","Bid for development invited on PPP-DBFOT basis. Cabinet Committee of Economic Affairs (CCEA), Govt. of India has approved 35 locations across India for development of Multi Modal Logistics Park (MMLP).",null,https://nhlml.org/multi-modal-logistics-park,Operator (nhlml.org),Verified
Indore Multi-Modal Logistics Park,Multi-Modal Logistics Park,Indore,Madhya Pradesh,Central,255.17,120000.0,0,0,1111.0,Awarded,"Rail, Road",30 km from Indore airport,null,null,ports,Indore airport (30 km),0,0,0,0,0,0,0,null,0,Status: Awarded; Prop. capacity (Area in Acres): 255.17; Investment INR Cr.: 1111.00,Union Minister for Road Transport and Highways reply in Rajya Sabha; Ministry of Road Transport & Highways,null,https://blog.tatanexarc.com/logistics/mmlp-in-india/ ; https://byjus.com/current-affairs/multimodal-logistics-park-mmlp/ ; https://en.wikipedia.org/wiki/Multi-Modal_Logistics_Parks_in_India ; https://invest.mp.gov.in/wp-content/uploads/2025/08/FINAL-PM-MITRA-LAND-POLICY-MP-AUGUST-22.pdf ; https://nhlml.org/multi-modal-logistics-park ; https://pib.gov.in/PressReleasePage.aspx?PRID=1911755 ; https://www.linkedin.com/posts/concorindia_the-concor-inland-container-depot-icd-activity-7419758614325735425-nyaH ; https://www.pathlogicity.com/blog/multi-modal-logistics-park/,Government (pib.gov.in),Verified
Bengaluru Multi-Modal Logistics Park,Multi-Modal Logistics Park (MMLP),Bengaluru,Karnataka,South,406.0,0,0,0,1770.0,Bids awarded; at various stages of development,"Road, Rail, Air, Port",406 acres total (393 acres usable area); adjacent to Dobaspet industrial corridor; NH 648 (Dabbaspet-Hosur); connected to Satellite Town Ring Road (STRR); next to Bengaluru-Hubballi-Mumbai rail line; 1.1-km siding from Dodbele station; six railway sidings in total; 55 km from Kempegowda International Airport; Chennai port via STRR and Bengaluru-Chennai Expressway; ICD facility; ~40 acres commercial areas; concession period 45 years; warehousing capacity 4.5 million sq ft; expected to handle 30 million metric tonnes of cargo by 2070; EV charging infrastructure mandated,Dodbele station (1.1-km siding); Bengaluru-Hubballi-Mumbai rail line; six railway sidings,NH 648 (Dabbaspet-Hosur); Satellite Town Ring Road (STRR); Bengaluru-Chennai Expressway,Chennai port (via STRR and Bengaluru-Chennai Expressway),Kempegowda International Airport (55 km),0,0,0,0,0,0,0,"KIADB Industrial Area auto-ancillary and engineering manufacturing cluster; Dobaspet mechanical, automobile, and electrical engineering industries",12.0,Bids awarded for development of MMLP at Bengaluru; at various stages of development,"Bharatmala Pariyojana; PM Gati Shakti; National Logistics Policy (2022); public-private partnership; SPV Bengaluru MMLP Pvt Ltd (NHLML 51.29%, KIADB 32.38%, RVNL 16.33%)",Warehousing capacity 4.5 million sq ft; ICD facility; ~40 acres commercial areas; expected to handle 30 million metric tonnes of cargo by 2070; six railway sidings; concession period 45 years,https://blog.tatanexarc.com/logistics/mmlp-in-india/ ; https://nhlml.org/multi-modal-logistics-park ; https://nimbuspost.com/blog/mmlp-multi-modal-logistics-parks/ ; https://www.pathlogicity.com/blog/multi-modal-logistics-park/,Operator (nhlml.org),Verified
Vishakhapatnam Multi-Modal Logistics Park,Multi-Modal Logistics Park (MMLP),Vishakhapatnam,null,South,0,0,0,0,0,Feasibility Study/DPR in progress,null,null,null,null,null,null,0,0,0,0,0,0,0,null,0,Feasibility Study/DPR is in progress for MMLP at Vishakhapatnam,null,null,https://nhlml.org/multi-modal-logistics-park,Operator (nhlml.org),Verified
Delhi-NCR Multi-Modal Logistics Park,Multi-Modal Logistics Park,"Delhi-NCR (Delhi, Gurgaon, Ghaziabad, Faridabad, Noida)",Delhi/ Haryana/ Uttar Pradesh,Central,0,0,0,0,0,At various stages of feasibility studies,null,null,null,null,null,null,0,0,0,0,0,0,0,null,0,All other 30 MMLPs are at various stages of feasibility studies,Union Minister for Road Transport and Highways reply in Rajya Sabha; Ministry of Road Transport & Highways,null,https://blog.tatanexarc.com/logistics/mmlp-in-india/ ; https://byjus.com/current-affairs/multimodal-logistics-park-mmlp/ ; https://nhlml.org/multi-modal-logistics-park ; https://pib.gov.in/PressReleasePage.aspx?PRID=1911755,Government (pib.gov.in),Verified
Mumbai Multi-Modal Logistics Park,Multi-Modal Logistics Park,"Mumbai (Mumbai, Mumbai Suburbs, JNPT, Mumbai Port, Raigad District)",Maharashtra,West,0,0,0,0,0,At various stages of feasibility studies,null,"Mumbai, Mumbai Suburbs, JNPT, Mumbai Port, Raigad District",null,null,"JNPT, Mumbai Port",null,0,0,0,0,0,0,0,null,0,All other 30 MMLPs are at various stages of feasibility studies,Union Minister for Road Transport and Highways reply in Rajya Sabha; Ministry of Road Transport & Highways,null,https://blog.tatanexarc.com/logistics/mmlp-in-india/ ; https://byjus.com/current-affairs/multimodal-logistics-park-mmlp/ ; https://en.wikipedia.org/wiki/Multi-Modal_Logistics_Parks_in_India ; https://nhlml.org/multi-modal-logistics-park ; https://nimbuspost.com/blog/mmlp-multi-modal-logistics-parks/ ; https://pib.gov.in/PressReleasePage.aspx?PRID=1911755,Government (pib.gov.in),Verified
North Gujarat Multi-Modal Logistics Park,Multi-Modal Logistics Park,North Gujarat (Ahmedabad and Vadodara),Gujarat,West,0,0,0,0,0,At various stages of feasibility studies,null,null,null,null,null,null,0,0,0,0,0,0,0,null,0,All other 30 MMLPs are at various stages of feasibility studies,Union Minister for Road Transport and Highways reply in Rajya Sabha; Ministry of Road Transport & Highways,null,https://nhlml.org/multi-modal-logistics-park ; https://pib.gov.in/PressReleasePage.aspx?PRID=1911755,Government (pib.gov.in),Verified
South Gujarat Multi-Modal Logistics Park,Multi-Modal Logistics Park,South Gujarat (Surat and Bharuch),Gujarat,West,0,0,0,0,0,At various stages of feasibility studies,null,null,null,null,null,null,0,0,0,0,0,0,0,null,0,All other 30 MMLPs are at various stages of feasibility studies,Union Minister for Road Transport and Highways reply in Rajya Sabha; Ministry of Road Transport & Highways,null,https://nhlml.org/multi-modal-logistics-park ; https://pib.gov.in/PressReleasePage.aspx?PRID=1911755,Government (pib.gov.in),Verified
South Punjab Multi-Modal Logistics Park,Multi-Modal Logistics Park,"South Punjab (Ludhiana, Sangrur, Patiala)",Punjab,North,0,0,0,0,0,At various stages of feasibility studies,null,null,null,null,null,null,0,0,0,0,0,0,0,null,0,All other 30 MMLPs are at various stages of feasibility studies,Union Minister for Road Transport and Highways reply in Rajya Sabha; Ministry of Road Transport & Highways,null,https://nhlml.org/multi-modal-logistics-park ; https://pib.gov.in/PressReleasePage.aspx?PRID=1911755,Government (pib.gov.in),Verified
North Punjab Multi-Modal Logistics Park,Multi-Modal Logistics Park,"North Punjab (Amritsar, Jalandhar, Gurudaspur)",Punjab,North,0,0,0,0,0,At various stages of feasibility studies,null,null,null,null,null,null,0,0,0,0,0,0,0,null,0,All other 30 MMLPs are at various stages of feasibility studies,Union Minister for Road Transport and Highways reply in Rajya Sabha; Ministry of Road Transport & Highways,null,https://nhlml.org/multi-modal-logistics-park ; https://pib.gov.in/PressReleasePage.aspx?PRID=1911755,Government (pib.gov.in),Verified
Jaipur Multi-Modal Logistics Park,Multi-Modal Logistics Park,Jaipur,Rajasthan,North,0,0,0,0,0,At various stages of feasibility studies,null,null,null,null,null,null,0,0,0,0,0,0,0,null,0,All other 30 MMLPs are at various stages of feasibility studies,Union Minister for Road Transport and Highways reply in Rajya Sabha; Ministry of Road Transport & Highways,null,https://blog.tatanexarc.com/logistics/mmlp-in-india/ ; https://byjus.com/current-affairs/multimodal-logistics-park-mmlp/ ; https://en.wikipedia.org/wiki/Multi-Modal_Logistics_Parks_in_India ; https://nhlml.org/multi-modal-logistics-park ; https://pib.gov.in/PressReleasePage.aspx?PRID=1911755,Government (pib.gov.in),Verified
Kolkata Multi-Modal Logistics Park,Multi-Modal Logistics Park,Kolkata,West Bengal,East,0,0,0,0,0,At various stages of feasibility studies,null,null,null,null,null,null,0,0,0,0,0,0,0,null,0,All other 30 MMLPs are at various stages of feasibility studies,Union Minister for Road Transport and Highways reply in Rajya Sabha; Ministry of Road Transport & Highways,null,https://blog.tatanexarc.com/logistics/mmlp-in-india/ ; https://byjus.com/current-affairs/multimodal-logistics-park-mmlp/ ; https://en.wikipedia.org/wiki/Multi-Modal_Logistics_Parks_in_India ; https://nhlml.org/multi-modal-logistics-park ; https://pib.gov.in/PressReleasePage.aspx?PRID=1911755,Government (pib.gov.in),Verified
Ambala Multi-Modal Logistics Park,Multi-Modal Logistics Park,Ambala,Haryana,North,0,0,0,0,0,At various stages of feasibility studies,null,null,null,null,null,null,0,0,0,0,0,0,0,null,0,All other 30 MMLPs are at various stages of feasibility studies,Union Minister for Road Transport and Highways reply in Rajya Sabha; Ministry of Road Transport & Highways,null,https://blog.tatanexarc.com/logistics/mmlp-in-india/ ; https://byjus.com/current-affairs/multimodal-logistics-park-mmlp/ ; https://en.wikipedia.org/wiki/Multi-Modal_Logistics_Parks_in_India ; https://nhlml.org/multi-modal-logistics-park ; https://pib.gov.in/PressReleasePage.aspx?PRID=1911755,Government (pib.gov.in),Verified
Valsad Multi-Modal Logistics Park,Multi-Modal Logistics Park,Valsad,Gujarat,West,0,0,0,0,0,At various stages of feasibility studies,null,null,null,null,null,null,0,0,0,0,0,0,0,null,0,All other 30 MMLPs are at various stages of feasibility studies,Union Minister for Road Transport and Highways reply in Rajya Sabha; Ministry of Road Transport & Highways,null,https://blog.tatanexarc.com/logistics/mmlp-in-india/ ; https://byjus.com/current-affairs/multimodal-logistics-park-mmlp/ ; https://en.wikipedia.org/wiki/Multi-Modal_Logistics_Parks_in_India ; https://nhlml.org/multi-modal-logistics-park ; https://pib.gov.in/PressReleasePage.aspx?PRID=1911755,Government (pib.gov.in),Verified
Jagatsinghpur Multi-Modal Logistics Park,Multi-Modal Logistics Park,Jagatsinghpur,Odisha,East,0,0,0,0,0,At various stages of feasibility studies,null,null,null,null,null,null,0,0,0,0,0,0,0,null,0,All other 30 MMLPs are at various stages of feasibility studies,Union Minister for Road Transport and Highways reply in Rajya Sabha; Ministry of Road Transport & Highways,null,https://nhlml.org/multi-modal-logistics-park ; https://pib.gov.in/PressReleasePage.aspx?PRID=1911755,Government (pib.gov.in),Verified
Kota Multi-Modal Logistics Park,Multi-Modal Logistics Park,Kota,Rajasthan,North,0,0,0,0,0,At various stages of feasibility studies,null,null,null,null,null,null,0,0,0,0,0,0,0,null,0,All other 30 MMLPs are at various stages of feasibility studies,Union Minister for Road Transport and Highways reply in Rajya Sabha; Ministry of Road Transport & Highways,null,https://blog.tatanexarc.com/logistics/mmlp-in-india/ ; https://byjus.com/current-affairs/multimodal-logistics-park-mmlp/ ; https://en.wikipedia.org/wiki/Multi-Modal_Logistics_Parks_in_India ; https://nhlml.org/multi-modal-logistics-park ; https://pib.gov.in/PressReleasePage.aspx?PRID=1911755,Government (pib.gov.in),Verified
Panaji Multi-Modal Logistics Park,Multi-Modal Logistics Park,Panaji,Goa,West,0,0,0,0,0,At various stages of feasibility studies,null,null,null,null,null,null,0,0,0,0,0,0,0,null,0,All other 30 MMLPs are at various stages of feasibility studies,Union Minister for Road Transport and Highways reply in Rajya Sabha; Ministry of Road Transport & Highways,null,https://blog.tatanexarc.com/logistics/mmlp-in-india/ ; https://byjus.com/current-affairs/multimodal-logistics-park-mmlp/ ; https://en.wikipedia.org/wiki/Multi-Modal_Logistics_Parks_in_India ; https://nhlml.org/multi-modal-logistics-park ; https://pib.gov.in/PressReleasePage.aspx?PRID=1911755,Government (pib.gov.in),Verified
Hisar Multi-Modal Logistics Park,Multi-Modal Logistics Park,Hisar,Haryana,North,0,0,0,0,0,At various stages of feasibility studies,null,null,null,null,null,null,0,0,0,0,0,0,0,null,0,All other 30 MMLPs are at various stages of feasibility studies,Union Minister for Road Transport and Highways reply in Rajya Sabha; Ministry of Road Transport & Highways,null,https://blog.tatanexarc.com/logistics/mmlp-in-india/ ; https://byjus.com/current-affairs/multimodal-logistics-park-mmlp/ ; https://en.wikipedia.org/wiki/Multi-Modal_Logistics_Parks_in_India ; https://nhlml.org/multi-modal-logistics-park ; https://pib.gov.in/PressReleasePage.aspx?PRID=1911755,Government (pib.gov.in),Verified
Bhopal Multi-Modal Logistics Park,Multi-Modal Logistics Park,Bhopal,Madhya Pradesh,Central,0,0,0,0,0,At various stages of feasibility studies,null,null,null,null,null,null,0,0,0,0,0,0,0,null,0,All other 30 MMLPs are at various stages of feasibility studies,Union Minister for Road Transport and Highways reply in Rajya Sabha; Ministry of Road Transport & Highways,null,https://blog.tatanexarc.com/logistics/mmlp-in-india/ ; https://byjus.com/current-affairs/multimodal-logistics-park-mmlp/ ; https://en.wikipedia.org/wiki/Multi-Modal_Logistics_Parks_in_India ; https://nhlml.org/multi-modal-logistics-park ; https://pib.gov.in/PressReleasePage.aspx?PRID=1911755,Government (pib.gov.in),Verified
Sundergarh Multi-Modal Logistics Park,Multi-Modal Logistics Park,Sundergarh,Odisha,East,0,0,0,0,0,pre-planning; DPR yet to be prepared,null,null,null,null,null,null,0,0,0,0,0,0,0,null,0,"Identified among 35 MMLPs; tender to be invited based on DPR, feasibility study and approved bidding document; Model Concession Agreement and Request for Proposal being finalised","MoRTH planned development under Public-Private Partnership (PPP) in Design, Build, Finance, Operate and Transfer (DBFOT) mode; state government to provide land",null,https://blog.tatanexarc.com/logistics/mmlp-in-india/ ; https://byjus.com/current-affairs/multimodal-logistics-park-mmlp/ ; https://en.wikipedia.org/wiki/Multi-Modal_Logistics_Parks_in_India ; https://nhlml.org/multi-modal-logistics-park,Operator (nhlml.org),Verified
Bhatinda Multi-Modal Logistics Park,Multi-Modal Logistics Park,Bhatinda,Punjab,North,0,0,0,0,0,At various stages of feasibility studies,null,null,null,null,null,null,0,0,0,0,0,0,0,null,0,All other 30 MMLPs are at various stages of feasibility studies,Union Minister for Road Transport and Highways reply in Rajya Sabha; Ministry of Road Transport & Highways,null,https://blog.tatanexarc.com/logistics/mmlp-in-india/ ; https://byjus.com/current-affairs/multimodal-logistics-park-mmlp/ ; https://en.wikipedia.org/wiki/Multi-Modal_Logistics_Parks_in_India ; https://nhlml.org/multi-modal-logistics-park ; https://pib.gov.in/PressReleasePage.aspx?PRID=1911755,Government (pib.gov.in),Verified
Solan Multi-Modal Logistics Park,Multi-Modal Logistics Park,Solan,Himachal Pradesh,North,0,0,0,0,0,At various stages of feasibility studies,null,null,null,null,null,null,0,0,0,0,0,0,0,null,0,All other 30 MMLPs are at various stages of feasibility studies,Union Minister for Road Transport and Highways reply in Rajya Sabha; Ministry of Road Transport & Highways,null,https://blog.tatanexarc.com/logistics/mmlp-in-india/ ; https://byjus.com/current-affairs/multimodal-logistics-park-mmlp/ ; https://en.wikipedia.org/wiki/Multi-Modal_Logistics_Parks_in_India ; https://nhlml.org/multi-modal-logistics-park ; https://pib.gov.in/PressReleasePage.aspx?PRID=1911755,Government (pib.gov.in),Verified
Rajkot Multi-Modal Logistics Park,Multi-Modal Logistics Park,Rajkot,Gujarat,West,0,0,0,0,0,At various stages of feasibility studies,null,null,null,null,null,null,0,0,0,0,0,0,0,null,0,All other 30 MMLPs are at various stages of feasibility studies,Union Minister for Road Transport and Highways reply in Rajya Sabha; Ministry of Road Transport & Highways,null,https://blog.tatanexarc.com/logistics/mmlp-in-india/ ; https://byjus.com/current-affairs/multimodal-logistics-park-mmlp/ ; https://en.wikipedia.org/wiki/Multi-Modal_Logistics_Parks_in_India ; https://nhlml.org/multi-modal-logistics-park ; https://pib.gov.in/PressReleasePage.aspx?PRID=1911755,Government (pib.gov.in),Verified
Multi-Modal Logistics Hub (MMLH) Dadri,Multi-Modal Logistics Hub (MMLH),Dadri,Uttar Pradesh,Central,768.481,740000.0,0,0,5881.0,Under development,"Rail, Road, Air, Port (dry port)","Intersection of Eastern Dedicated Freight Corridor (DFC) and Western DFC; ~15–20 km from Noida International Airport (Jewar); direct connectivity to Eastern Peripheral Expressway, NH-91, Yamuna Expressway; part of DMIC framework; integrated within PM Gati Shakti national master plan; inland extension of maritime gateways JNPT and Mundra; bulk freight capacity 6.7 million tonnes per year; warehousing 3 million sq. ft.; cold storage 0.3 million sq. ft.; expected 40–50% reduction in container dwell time; integrates with adjacent Integrated Industrial Township and Multi-Modal Transport Hub (MMTH) near Boraki","Eastern Dedicated Freight Corridor (DFC), Western Dedicated Freight Corridor (DFC)","Eastern Peripheral Expressway, NH-91, Yamuna Expressway","JNPT, Mundra","Noida International Airport (Jewar), ~15–20 km",0,0,0,0,0,0,0,"Semiconductor fabrication units, mobile phone assembly plants, electronics manufacturing clusters, defence manufacturing corridors, precision electronics, mobile devices, aerospace components, pharmaceuticals, auto OEMs, renewable energy manufacturers",0,Early Bird Project under DMIC with prioritization in infrastructure sequencing; Phase 1 project snapshot; combined MMLH–MMTH ecosystem projected ~1 lakh direct and indirect jobs by 2040,"Implemented as Early Bird Project under Delhi–Mumbai Industrial Corridor (DMIC); overseen by National Industrial Corridor Development and Implementation Trust (NICDIT); NICDIT Union Budget 2026–27 allocation ₹3,000 crore; integrated within PM Gati Shakti national master plan; PPP framework; Single Window customs clearance; digitally integrated cargo visibility platforms aligned with PM Gati Shakti data layers","Expected 40–50% reduction in container dwell time through consolidated freight handling, customs clearance, and multimodal transfers within a single ecosystem",https://apacedigitalcargo.com/india-to-have-the-largest-multi-modal-logistics-hub-in-dadri-greater-noida/ ; https://invest.up.gov.in/multi-modal-logistics-parks/ ; https://timesofindia.indiatimes.com/city/noida/adani-ports-among-3-cos-vying-for-land-to-build-logistics-park/articleshow/122394857.cms ; https://www.constructionworld.in/urban-infrastructure/warehouse-and-logistics/dadri-station-linked-to-logistics-hub-via-3km-rail-track/41808 ; https://www.ibluu.com/insights/the-greenfield-multi-modal-logistics-hub-mmlh-bodaki-dadri-greater-noida-the-making-of-indias-most-strategic-inland-cargo-and-export-gateway/ ; https://www.logisticsinsider.in/cma-cgm-groups-new-inland-depot-facility-in-mundra-expected-to-handle-approximately-155000-teus-annually/,Government (invest.up.gov.in),Verified
Multi-Modal Logistics Hub (MMLH) Greater Noida,Multi-Modal Logistics Hub (MMLH),Greater Noida,Uttar Pradesh,Central,768.481,740000.0,0,0,5881.0,Under development,"rail, road","Strategically located near the Eastern Peripheral Expressway, NH 91, Noida-Greater Noida Expressway, Yamuna Expressway, and both the Eastern and Western Dedicated Freight Corridors; designed to handle efficient storage and transfer of goods to and from the Dedicated Freight Corridors with value-added services such as container handling, packaging, and cargo optimization","Eastern Dedicated Freight Corridor, Western Dedicated Freight Corridor","Eastern Peripheral Expressway, NH 91, Noida-Greater Noida Expressway, Yamuna Expressway",null,"Noida International Airport, Jewar",0,0,0,0,0,0,0,"Manufacturing, warehousing, cold-chain industries; manufacturing and export zones in Noida and Greater Noida",0,Under development; 84% of the land is in possession of the state government while remaining parcels are being acquired swiftly; connectivity approved in principle by the Dedicated Freight Corridor Corporation of India Limited (DFCCIL); together with MMTH expected to generate around 1 lakh jobs by 2040,Implementation agency: Special Purpose Vehicle (SPV) of Integrated Industrial Township – Greater Noida; connectivity approved in principle by Dedicated Freight Corridor Corporation of India Limited (DFCCIL),null,https://invest.up.gov.in/multi-modal-logistics-parks/ ; https://the420.in/greater-noida-multi-modal-logistics-hub-dmic-freight-corridor/ ; https://www.logisticsinsider.in/cma-cgm-groups-new-inland-depot-facility-in-mundra-expected-to-handle-approximately-155000-teus-annually/,Government (invest.up.gov.in),Verified
Multi-Modal Transport Hub (MMTH) Boraki,Multi-Modal Transport Hub (MMTH),Boraki,Uttar Pradesh,Central,0,0,0,0,0,Under development,"rail, road, mass rapid transit","Near Boraki Railway Station; strategically located near the Eastern Peripheral Expressway, NH 91, Noida-Greater Noida Expressway, Yamuna Expressway, and both the Eastern and Western Dedicated Freight Corridors; designed as a seamless passenger transport hub with Inter-State Bus Terminal (ISBT), Local Bus Terminal (LBT), metro connectivity, commercial and retail spaces, hotel facilities, and green open spaces","Boraki Railway Station, Eastern Dedicated Freight Corridor, Western Dedicated Freight Corridor","Eastern Peripheral Expressway, NH 91, Noida-Greater Noida Expressway, Yamuna Expressway",null,null,0,0,0,0,0,0,0,"Electronics clusters, semiconductor value-chain suppliers, mobile handset manufacturers, defence corridor units, renewable energy manufacturers, auto OEMs",0,Under development; 84% of the land is in possession of the state government while remaining parcels are being acquired swiftly; together with MMLH expected to generate around 1 lakh jobs by 2040; designed to help decongest Delhi,Implementation agency: Special Purpose Vehicle (SPV) of Integrated Industrial Township – Greater Noida,null,https://invest.up.gov.in/multi-modal-logistics-parks/ ; https://www.constructionworld.in/urban-infrastructure/warehouse-and-logistics/dadri-station-linked-to-logistics-hub-via-3km-rail-track/41808 ; https://www.ibluu.com/insights/the-greenfield-multi-modal-logistics-hub-mmlh-bodaki-dadri-greater-noida-the-making-of-indias-most-strategic-inland-cargo-and-export-gateway/,Government (invest.up.gov.in),Verified
"Integrated Multi Modal Logistics Hub (IMLH), Nangal Chaudhary",Integrated Multi-Modal Logistics Hub (IMLH),"Nangal Chaudhary, Mahendragarh district",Haryana,North,886.0,0,0,0,1029.0,Nearing completion,"Road, Rail, Air","Strategically positioned along the Western Dedicated Freight Corridor and NH-11. Road: National Highway-148B (Kotputli-Bhatinda) 20 km; National Highway-11 (Jaisalmer-Rewari) 12 km. Rail: Nizampur Railway Station 1.6 km; Western Dedicated Freight Corridor adjacent; New Dabla DFC Station 12 km. Air: Delhi International Airport 140 km; Jaipur International Airport 167 km. Offers warehousing, freight consolidation, customs clearance, cold storage, and multimodal transfer facilities. Key components include Railway Connectivity zone, Container Stacking, Warehouse, and Transport Zone.",Western Dedicated Freight Corridor (Adjacent); Nizampur Railway Station (1.6 km); New Dabla DFC Station (12 km),National Highway-148B (Kotputli-Bhatinda) (20 km); National Highway-11 (Jaisalmer-Rewari) (12 km),null,Delhi International Airport (140 km); Jaipur International Airport (167 km),0,0,0,0,0,0,0,"Industries in Delhi-NCR, Rajasthan, Haryana and other parts of North India; expected to attract fresh industrial investment and strengthen manufacturing activity across the region",0,"Being developed under DMIC as part of 4 Projects Nearing Completion. To be developed on PPP mode. Designed as India's largest logistics hub and largest logistics hub south of NCR to serve Haryana and the northern hinterland. Project overview lists employment of 10,000 jobs and investment of 47,480 crore.",Developed under DMIC; to be developed on PPP mode,null,https://cargoconnect.co.in/topic/integrated-multi-modal-logistics-hub-imlh ; https://nicdc.in/projects/4-projects-nearing-completion/integrated-multi-modal-logistics-hub-nangal-chaudhary,Operator (nicdc.in),Verified
Coimbatore Multi-Modal Logistics Park,Multi-Modal Logistics Park,Coimbatore,Tamil Nadu,South,0,0,0,0,0,At various stages of feasibility studies,null,null,null,null,null,null,0,0,0,0,0,0,0,null,0,All other 30 MMLPs are at various stages of feasibility studies,Union Minister for Road Transport and Highways reply in Rajya Sabha; Ministry of Road Transport & Highways,null,https://blog.tatanexarc.com/logistics/mmlp-in-india/ ; https://byjus.com/current-affairs/multimodal-logistics-park-mmlp/ ; https://en.wikipedia.org/wiki/Multi-Modal_Logistics_Parks_in_India ; https://pib.gov.in/PressReleasePage.aspx?PRID=1911755 ; https://www.pathlogicity.com/blog/multi-modal-logistics-park/,Government (pib.gov.in),Verified
Jammu Multi-Modal Logistics Park,Multi-Modal Logistics Park,Jammu,Jammu and Kashmir,North,0,0,0,0,0,At various stages of feasibility studies,null,null,null,null,null,null,0,0,0,0,0,0,0,null,0,All other 30 MMLPs are at various stages of feasibility studies,Union Minister for Road Transport and Highways reply in Rajya Sabha; Ministry of Road Transport & Highways,null,https://blog.tatanexarc.com/logistics/mmlp-in-india/ ; https://byjus.com/current-affairs/multimodal-logistics-park-mmlp/ ; https://en.wikipedia.org/wiki/Multi-Modal_Logistics_Parks_in_India ; https://pib.gov.in/PressReleasePage.aspx?PRID=1911755 ; https://www.pathlogicity.com/blog/multi-modal-logistics-park/,Government (pib.gov.in),Verified
Moinarband Gati Shakti Cargo Terminal,Gati Shakti Multi-Modal Cargo Terminal (GCT),Moinarband,Assam,North-East,0,0,0,0,0,Commissioned and operational,"Rail, road, waterways","Developed under North East Frontier Railway (NFR); integrated rail, road, and waterways transport under PM Gati Shakti National Master Plan",null,null,null,null,0,0,0,0,0,0,0,"Coal, containers, food grains, fertilizers, cement, petroleum products, automobiles, general cargo; petroleum and oil movement, particularly Indian Oil (IOMB) products",0,null,"GCT Policy, 2021 of the Ministry of Railways; developed under North East Frontier Railway (NFR)",null,https://pib.gov.in/PressNoteDetails.aspx?NoteId=156923&ModuleId=3&reg=3&lang=1,Government (pib.gov.in),Verified
Cinnamara Gati Shakti Cargo Terminal,Gati Shakti Multi-Modal Cargo Terminal (GCT),Cinnamara,Assam,North-East,0,0,0,0,0,Commissioned and operational,"Rail, road, waterways","Developed under North East Frontier Railway (NFR); Food Corporation of India (FCI) siding; integrated rail, road, and waterways transport under PM Gati Shakti National Master Plan",null,null,null,null,0,0,0,0,0,0,0,"Coal, containers, food grains, fertilizers, cement, petroleum products, automobiles, general cargo; food grains and fertilizers through FCI siding",0,null,"GCT Policy, 2021 of the Ministry of Railways; developed under North East Frontier Railway (NFR)",null,https://pib.gov.in/PressNoteDetails.aspx?NoteId=156923&ModuleId=3&reg=3&lang=1,Government (pib.gov.in),Verified
Baihata Gati Shakti Cargo Terminal,Gati Shakti Multi-Modal Cargo Terminal (GCT),Baihata,Assam,North-East,0,0,0,0,0,"Under construction, nearing completion","Rail, road, waterways",One of six new cargo terminals under construction across Assam; to deepen multimodal connectivity across the Northeast under PM Gati Shakti National Master Plan,null,null,null,null,0,0,0,0,0,0,0,null,0,Under construction across Assam; nearing completion,"GCT Policy, 2021 of the Ministry of Railways",null,https://pib.gov.in/PressNoteDetails.aspx?NoteId=156923&ModuleId=3&reg=3&lang=1,Government (pib.gov.in),Verified
Habaipur Gati Shakti Cargo Terminal,Gati Shakti Multi-Modal Cargo Terminal (GCT),Habaipur,Assam,North-East,0,0,0,0,0,Upcoming; under construction,"Rail, road, waterways",Upcoming facility among six new cargo terminals under construction across Assam; to expand Assam logistics network and deepen multimodal connectivity across the Northeast under PM Gati Shakti National Master Plan,null,null,null,null,0,0,0,0,0,0,0,null,0,Upcoming facility at Habaipur among six new cargo terminals under construction across Assam,"GCT Policy, 2021 of the Ministry of Railways",null,https://pib.gov.in/PressNoteDetails.aspx?NoteId=156923&ModuleId=3&reg=3&lang=1,Government (pib.gov.in),Verified
Kendukona Gati Shakti Cargo Terminal,Gati Shakti Multi-Modal Cargo Terminal (GCT),Kendukona,Assam,North-East,0,0,0,0,0,Upcoming; under construction,"Rail, road, waterways",Upcoming facility among six new cargo terminals under construction across Assam; to expand Assam logistics network and deepen multimodal connectivity across the Northeast under PM Gati Shakti National Master Plan,null,null,null,null,0,0,0,0,0,0,0,null,0,Upcoming facility at Kendukona among six new cargo terminals under construction across Assam,"GCT Policy, 2021 of the Ministry of Railways",null,https://pib.gov.in/PressNoteDetails.aspx?NoteId=156923&ModuleId=3&reg=3&lang=1,Government (pib.gov.in),Verified
Basugaon Gati Shakti Cargo Terminal,Gati Shakti Multi-Modal Cargo Terminal (GCT),Basugaon,Assam,North-East,0,0,0,0,0,Upcoming; under construction,"Rail, road, waterways",Upcoming facility among six new cargo terminals under construction across Assam; to expand Assam logistics network and deepen multimodal connectivity across the Northeast under PM Gati Shakti National Master Plan,null,null,null,null,0,0,0,0,0,0,0,null,0,Upcoming facility at Basugaon among six new cargo terminals under construction across Assam,"GCT Policy, 2021 of the Ministry of Railways",null,https://pib.gov.in/PressNoteDetails.aspx?NoteId=156923&ModuleId=3&reg=3&lang=1,Government (pib.gov.in),Verified
Chayagaon Gati Shakti Cargo Terminal,Gati Shakti Multi-Modal Cargo Terminal (GCT),Chayagaon,Assam,North-East,0,0,0,0,0,Upcoming; under construction,"Rail, road, waterways",Upcoming facility among six new cargo terminals under construction across Assam; to expand Assam logistics network and deepen multimodal connectivity across the Northeast under PM Gati Shakti National Master Plan,null,null,null,null,0,0,0,0,0,0,0,null,0,Upcoming facility at Chayagaon among six new cargo terminals under construction across Assam,"GCT Policy, 2021 of the Ministry of Railways",null,https://pib.gov.in/PressNoteDetails.aspx?NoteId=156923&ModuleId=3&reg=3&lang=1,Government (pib.gov.in),Verified
Manesar Gati Shakti Multi-Modal Cargo Terminal,Gati Shakti Multi-Modal Cargo Terminal (GCT),Manesar,Haryana,North,46.0,0,0,0,800.0,Commissioned and operational; country's largest automobile Gati Shakti Multi-Modal Cargo Terminal,Rail,"Located at Maruti Suzuki India Limited Manesar plant; fully electrified corridor with four full-length rake handling lines and one engine escape line; total track length 8.2 km; connected to Patli railway station through 10 km dedicated rail link, part of Haryana Orbital Rail Corridor built at cost of Rs 800 crore with Rs 684 crore funded by Haryana Rail Infrastructure Development Corporation (HRIDC) and rest by Maruti Suzuki; engine-on-load operations",Patli railway station; Haryana Orbital Rail Corridor,null,null,null,0,0,0,0,0,0,0,Automobiles; Maruti Suzuki India Limited Manesar plant; capable of handling 450000 automobiles annually,10.0,null,"GCT Policy, 2021 of the Ministry of Railways",null,https://pib.gov.in/PressNoteDetails.aspx?NoteId=156923&ModuleId=3&reg=3&lang=1,Government (pib.gov.in),Verified
New Sanjali Gati Shakti Cargo Terminal,Gati Shakti Multi-Modal Cargo Terminal (GCT),New Sanjali,Gujarat,West,0,0,0,0,0,Commissioned; first facility built on private land under Gati Shakti Policy,Rail,"First facility built on private land under Gati Shakti Policy along Western Dedicated Freight Corridor; designed as strategic freight hub for high-speed, high-capacity cargo movement and multimodal integration",Western Dedicated Freight Corridor,null,null,null,0,0,0,0,0,0,0,null,0,null,"GCT Policy, 2021 of the Ministry of Railways; first facility built on private land under Gati Shakti Policy",null,https://pib.gov.in/PressNoteDetails.aspx?NoteId=156923&ModuleId=3&reg=3&lang=1,Government (pib.gov.in),Verified
Vijayawada Multi-Modal Logistics Park,Multi-Modal Logistics Park,Vijayawada,Andhra Pradesh,South,0,0,0,0,0,At various stages of feasibility studies,null,null,null,null,null,null,0,0,0,0,0,0,0,null,0,Amongst 35 MMLPs approved for development; Pre-Feasibility Report ongoing; capacity and investment would be known after the outcome of studies; All other 30 MMLPs are at various stages of feasibility studies,Union Minister for Road Transport and Highways reply in Rajya Sabha; Ministry of Road Transport & Highways,null,https://blog.tatanexarc.com/logistics/mmlp-in-india/ ; https://byjus.com/current-affairs/multimodal-logistics-park-mmlp/ ; https://en.wikipedia.org/wiki/Multi-Modal_Logistics_Parks_in_India ; https://pib.gov.in/PressReleasePage.aspx?PRID=1911755,Government (pib.gov.in),Verified
Raipur Multi-Modal Logistics Park,Multi-Modal Logistics Park,Raipur,Chhattisgarh,Central,0,0,0,0,0,At various stages of feasibility studies,null,null,null,null,null,null,0,0,0,0,0,0,0,null,0,All other 30 MMLPs are at various stages of feasibility studies,Union Minister for Road Transport and Highways reply in Rajya Sabha; Ministry of Road Transport & Highways,null,https://blog.tatanexarc.com/logistics/mmlp-in-india/ ; https://byjus.com/current-affairs/multimodal-logistics-park-mmlp/ ; https://en.wikipedia.org/wiki/Multi-Modal_Logistics_Parks_in_India ; https://pib.gov.in/PressReleasePage.aspx?PRID=1911755,Government (pib.gov.in),Verified
Kandla Multi-Modal Logistics Park,Multi-Modal Logistics Park,Kandla,Gujarat,West,0,0,0,0,0,At various stages of feasibility studies,null,null,null,null,null,null,0,0,0,0,0,0,0,null,0,All other 30 MMLPs are at various stages of feasibility studies,Union Minister for Road Transport and Highways reply in Rajya Sabha; Ministry of Road Transport & Highways,null,https://blog.tatanexarc.com/logistics/mmlp-in-india/ ; https://byjus.com/current-affairs/multimodal-logistics-park-mmlp/ ; https://en.wikipedia.org/wiki/Multi-Modal_Logistics_Parks_in_India ; https://pib.gov.in/PressReleasePage.aspx?PRID=1911755,Government (pib.gov.in),Verified
Pipavav Logistics Hub,Logistics Hub,Pipavav,Gujarat,North,1561.672,1350000.0,0,0,0,Phase-1 opened,Rail,"Rail Transportation: EXIM and Domestic; Gateway port (Mundra, Pipapav, JNPT and Ennore) for transportation of container cargo to logistics parks",Indian rail network through the Dedicated Freight Corridor,evolving road network in Gujarat and the northern hinterland,Pipapav,null,0,0,0,0,0,0,0,Seafood and refrigerated processed food; cotton; wood pulp; sesame seeds; cattle feeds; agricultural products; ceramic tiles; soda ash; auto parts; spices; capital goods; scrap; water paper; electronics; coal; cement; clinker; fertilisers; steel; iron ore; agri-products; salt; petroleum products; chemicals; vegetable oils; bitumen; LPG; automobiles,0,"Phase-1 opened by Port of Pipavav, APM Terminals Pipavav in partnership with Contrans Logistic","Authorized Economic Operator (AEO) Status from World Customs Organisation; customs clearance for Direct Port Delivery [DPD]; customs notified area for machinery repairs on laden reefer containers; drive-through X-Ray Based Container Scanner and Radiation Portal Monitor; EDI connectivity, APIs, e-Form 13, Vessel Traffic Management System (VTMS)","RoRo yard handles 250,000 vehicles annually; stock yard for around 6,000 cars; mobilization yard of 600 cars with capacity to accommodate approximately 1,200 cars on the quay; capacity to handle 4 MMT of bulk cargos; capacity to handle 2 MMT of liquid cargoes per annum; 450,000 KL operational tankage capacity; fertilizer bagging capacity 9000 MT/day; covered warehouses 65000 Sq Mtrs; environment friendly coal yard 100,000 sqm, 300,000 MT; coal and mineral static capacity 700,000 MT; fertilizer static capacity 130,000 MT; more than 500 reefer connections; dedicated reefer lane at gate with trailer TAT of less than 1 hour",https://en.wikipedia.org/wiki/Multi-Modal_Logistics_Parks_in_India ; https://www.adaniports.com/logistics ; https://www.apmterminals.com/en/pipavav/about/our-terminal ; https://www.itln.in/logistics/apm-terminals-pipavav-contrans-develop-multi-modal-park-1347937 ; https://www.logisticsinsider.in/cma-cgm-groups-new-inland-depot-facility-in-mundra-expected-to-handle-approximately-155000-teus-annually/,Operator (www.adaniports.com),Verified
Surat Multi-Modal Logistics Park,Multi-Modal Logistics Park,Surat,Gujarat,West,0,0,0,0,0,pre-planning; DPR yet to be prepared,null,null,null,null,null,null,0,0,0,0,0,0,0,null,0,"Identified among 35 MMLPs; tender to be invited based on DPR, feasibility study and approved bidding document; Model Concession Agreement and Request for Proposal being finalised","MoRTH planned development under Public-Private Partnership (PPP) in Design, Build, Finance, Operate and Transfer (DBFOT) mode; state government to provide land",null,https://blog.tatanexarc.com/logistics/mmlp-in-india/ ; https://byjus.com/current-affairs/multimodal-logistics-park-mmlp/ ; https://en.wikipedia.org/wiki/Multi-Modal_Logistics_Parks_in_India,Other (en.wikipedia.org),Verified
Kochi Multi-Modal Logistics Park,Multi-Modal Logistics Park,Kochi,Kerala,South,0,0,0,0,0,pre-planning; DPR yet to be prepared,null,null,null,null,null,null,0,0,0,0,0,0,0,null,0,"Identified among 35 MMLPs; tender to be invited based on DPR, feasibility study and approved bidding document; Model Concession Agreement and Request for Proposal being finalised","MoRTH planned development under Public-Private Partnership (PPP) in Design, Build, Finance, Operate and Transfer (DBFOT) mode; state government to provide land",null,https://blog.tatanexarc.com/logistics/mmlp-in-india/ ; https://en.wikipedia.org/wiki/Multi-Modal_Logistics_Parks_in_India,Other (en.wikipedia.org),Verified
Sangrur Multi-Modal Logistics Park,Multi-Modal Logistics Park,Sangrur,Punjab,North,0,0,0,0,0,pre-planning; DPR yet to be prepared,null,null,null,null,null,null,0,0,0,0,0,0,0,null,0,"Identified among 35 MMLPs; tender to be invited based on DPR, feasibility study and approved bidding document; Model Concession Agreement and Request for Proposal being finalised","MoRTH planned development under Public-Private Partnership (PPP) in Design, Build, Finance, Operate and Transfer (DBFOT) mode; state government to provide land",null,https://blog.tatanexarc.com/logistics/mmlp-in-india/ ; https://byjus.com/current-affairs/multimodal-logistics-park-mmlp/ ; https://en.wikipedia.org/wiki/Multi-Modal_Logistics_Parks_in_India,Other (en.wikipedia.org),Verified
Sangli Multi-Modal Logistics Park,Multi-Modal Logistics Park,Sangli,Maharashtra,West,0,0,0,0,0,pre-planning; DPR yet to be prepared,null,null,null,null,null,null,0,0,0,0,0,0,0,null,0,"Identified among 35 MMLPs; tender to be invited based on DPR, feasibility study and approved bidding document; Model Concession Agreement and Request for Proposal being finalised","MoRTH planned development under Public-Private Partnership (PPP) in Design, Build, Finance, Operate and Transfer (DBFOT) mode; state government to provide land",null,https://en.wikipedia.org/wiki/Multi-Modal_Logistics_Parks_in_India ; https://grokipedia.com/page/jalna_dry_port,Other (en.wikipedia.org),Verified
Salgare Multi-Modal Logistics Park,Multi-Modal Logistics Park,Salgare,Maharashtra,West,0,0,0,0,0,pre-planning; DPR yet to be prepared,null,null,null,null,null,null,0,0,0,0,0,0,0,null,0,"Identified among 35 MMLPs; tender to be invited based on DPR, feasibility study and approved bidding document; Model Concession Agreement and Request for Proposal being finalised","MoRTH planned development under Public-Private Partnership (PPP) in Design, Build, Finance, Operate and Transfer (DBFOT) mode; state government to provide land",null,https://en.wikipedia.org/wiki/Multi-Modal_Logistics_Parks_in_India,Other (en.wikipedia.org),Verified
"Integrated Multi Modal Logistics Hub (Freight Village), Nangal Chaudhary, Narnaul",Integrated Multi Modal Logistics Hub,"Nangal Chaudhary, Narnaul",Haryana,North,886.78,0,0,0,4000.0,Being developed in PPP mode,null,Potential to reduce goods movement time from 14 days to 14 hrs.,null,null,null,null,0,0,0,0,0,0,0,null,0,Biltrax Construction Data is tracking the 38 Million-SqFt Integrated Multi Modal Logistics Hub Project on their technology platform for their clients.,"Implemented as 50:50 joint venture between HSIIDC and DMICDC/DMIC Trust – DMIC Haryana Multi Modal Logistic Hub Project Limited. Developed under Haryana Logistics, Warehousing & Retail Policy – 2019.",null,https://www.biltraxmedia.com/integrated-multi-modal-logistics-hub-haryana/,Other (www.biltraxmedia.com),Verified
Multi Modal Logistics Hub at Dadri in Greater Noida,Multi Modal Logistics Hub,"Dadri, Greater Noida",Uttar Pradesh,North,825.314,1440000.0,0,0,5942.0,"To be built in three phases; PPPAC clearance on May 2, 2025; expected Union Cabinet clearance shortly; 45-year concession period including two-year construction period","Rail, Road, Air","Strategically located at the junction of the Eastern and Western Dedicated Freight Corridors; linked directly to NH34, the Eastern Peripheral Expressway and Jewar International Airport; rail authority to develop rail siding for uninterrupted high-capacity connectivity; Delhi-Mumbai Industrial Corridor to construct 17 internal tracks and associated systems such as signalling; rail and road connectivity to be completed a month before the date of commercial operations; integrated dry port facility for storage and transhipment of goods to and from the Uttar Pradesh segment of the National Capital Region","Eastern Dedicated Freight Corridor, Western Dedicated Freight Corridor, Delhi-Mumbai Industrial Corridor","NH34, Eastern Peripheral Expressway",null,Jewar International Airport,0,0,0,0,0,0,0,null,0,"NICDC won backing from PPPAC led by Ajay Seth, Finance and Economic Affairs Secretary, Ministry of Finance, on May 2, 2025; project expected to be cleared by the Union Cabinet shortly; to be awarded to private firm quoting highest Minimum Guaranteed Revenue share to NICDC via global tender; Greater Noida Industrial Development Authority has acquired more than 90 per cent of the land; project implementing authority to fund land acquisition, land levelling for rail yard, external connectivity and power connectivity estimated at Rs 2,337 crore; authority assured bidders it will not develop a competing facility within 100 km radius until ten years from the date of commercial operations","Public-Private-Partnership Appraisal Committee clearance on May 2, 2025; concession period of 45 years including construction period of two years; lock-in period for project promoter's equity set at two years; period for evaluating technical capacity of bidders kept at 10 years; sub licensing limited to warehousing and commercial activities or about 19 per cent of revenue stream only; no competing facility within 100 km radius for ten years from commercial operations appointed date","Project awarded on basis of highest Minimum Guaranteed Revenue share to NICDC; if actual gross revenue in any year exceeds projected MGR, private operator pays agreed revenue share percentage on surplus; if revenue falls short, private firm pays full MGR guaranteeing floor revenue to authority; gross revenue refers to amount remitted to concessionaire by sub licensee; cost of constructing the hub at Rs 5,942 crore borne by private operator; facility to handle 7.8 million tonnes of non-containerised cargo, 3 million sq ft of warehousing and 0.3 million sq ft of cold storage",https://infra.economictimes.indiatimes.com/news/logistics/govt-panel-clears-5942-crore-multi-modal-logistics-hub-at-dadri-in-greater-noida/121181584,News (infra.economictimes.indiatimes.com),Verified
Bidkin Multi-Modal Logistics Park,Multi-Modal Logistics Park,Bidkin,Maharashtra,West,0,0,0,0,0,Planned,null,null,null,null,null,null,0,0,0,0,0,0,0,null,0,Identified under phase 1 and phase 2; bidding documents (Model Concession Agreement and Request for Proposal) currently being finalised,"Steered by the Ministry of Road Transport & Highways under PM Gati Shakti Yojana. Most multi-modal logistics parks will be built through private-public partnerships (PPP) on Design, Build, Finance, Operate, and Transfer (DBFOT) model. Tripartite agreement signed under the Bharatmala Pariyojna involving the Inland Waterways Authority of India (IWAI), National Highways Logistics Management Limited (NHLML), and Rail Vikas Nigam Limited. Initiative supported by Sagarmala, Bharatmala, UDAN, development of economic zones and corridors.",null,https://blog.tatanexarc.com/logistics/mmlp-in-india/ ; https://byjus.com/current-affairs/multimodal-logistics-park-mmlp/,Other (blog.tatanexarc.com),Verified
Bikaner Multi-Modal Logistics Park,Multi-Modal Logistics Park,Bikaner,Rajasthan,North,0,0,0,0,0,Planned,null,null,null,null,null,null,0,0,0,0,0,0,0,null,0,Identified under phase 1 and phase 2; bidding documents (Model Concession Agreement and Request for Proposal) currently being finalised,"Steered by the Ministry of Road Transport & Highways under PM Gati Shakti Yojana. Most multi-modal logistics parks will be built through private-public partnerships (PPP) on Design, Build, Finance, Operate, and Transfer (DBFOT) model. Tripartite agreement signed under the Bharatmala Pariyojna involving the Inland Waterways Authority of India (IWAI), National Highways Logistics Management Limited (NHLML), and Rail Vikas Nigam Limited. Initiative supported by Sagarmala, Bharatmala, UDAN, development of economic zones and corridors.",null,https://blog.tatanexarc.com/logistics/mmlp-in-india/ ; https://byjus.com/current-affairs/multimodal-logistics-park-mmlp/,Other (blog.tatanexarc.com),Verified
Gorakhpur Multi-Modal Logistics Park,Multi-Modal Logistics Park,Gorakhpur,Uttar Pradesh,Central,0,0,0,0,0,Planned,null,null,null,null,null,null,0,0,0,0,0,0,0,null,0,Identified under phase 1 and phase 2; bidding documents (Model Concession Agreement and Request for Proposal) currently being finalised,"Steered by the Ministry of Road Transport & Highways under PM Gati Shakti Yojana. Most multi-modal logistics parks will be built through private-public partnerships (PPP) on Design, Build, Finance, Operate, and Transfer (DBFOT) model. Tripartite agreement signed under the Bharatmala Pariyojna involving the Inland Waterways Authority of India (IWAI), National Highways Logistics Management Limited (NHLML), and Rail Vikas Nigam Limited. Initiative supported by Sagarmala, Bharatmala, UDAN, development of economic zones and corridors.",null,https://blog.tatanexarc.com/logistics/mmlp-in-india/ ; https://byjus.com/current-affairs/multimodal-logistics-park-mmlp/,Other (blog.tatanexarc.com),Verified
Haridwar Multi-Modal Logistics Park,Multi-Modal Logistics Park,Haridwar,Uttarakhand,Central,0,0,0,0,0,Planned,null,null,null,null,null,null,0,0,0,0,0,0,0,null,0,Identified under phase 1 and phase 2; bidding documents (Model Concession Agreement and Request for Proposal) currently being finalised,"Steered by the Ministry of Road Transport & Highways under PM Gati Shakti Yojana. Most multi-modal logistics parks will be built through private-public partnerships (PPP) on Design, Build, Finance, Operate, and Transfer (DBFOT) model. Tripartite agreement signed under the Bharatmala Pariyojna involving the Inland Waterways Authority of India (IWAI), National Highways Logistics Management Limited (NHLML), and Rail Vikas Nigam Limited. Initiative supported by Sagarmala, Bharatmala, UDAN, development of economic zones and corridors.",null,https://blog.tatanexarc.com/logistics/mmlp-in-india/ ; https://byjus.com/current-affairs/multimodal-logistics-park-mmlp/,Other (blog.tatanexarc.com),Verified
Jodhpur Multi-Modal Logistics Park,Multi-Modal Logistics Park,Jodhpur,Rajasthan,North,0,0,0,0,0,Planned,null,null,null,null,null,null,0,0,0,0,0,0,0,null,0,Identified under phase 1 and phase 2; bidding documents (Model Concession Agreement and Request for Proposal) currently being finalised,"Steered by the Ministry of Road Transport & Highways under PM Gati Shakti Yojana. Most multi-modal logistics parks will be built through private-public partnerships (PPP) on Design, Build, Finance, Operate, and Transfer (DBFOT) model. Tripartite agreement signed under the Bharatmala Pariyojna involving the Inland Waterways Authority of India (IWAI), National Highways Logistics Management Limited (NHLML), and Rail Vikas Nigam Limited. Initiative supported by Sagarmala, Bharatmala, UDAN, development of economic zones and corridors.",null,https://blog.tatanexarc.com/logistics/mmlp-in-india/ ; https://byjus.com/current-affairs/multimodal-logistics-park-mmlp/,Other (blog.tatanexarc.com),Verified
Kanpur Multi-Modal Logistics Park,Multi-Modal Logistics Park,Kanpur,Uttar Pradesh,Central,21.25,0,0,0,0,Planned,"Rail, Road","Terminal spread over more than 86,000 square metres; 2,000 square metre covered warehouse (1200 for EXIM & 800 for Domestic); 3-4 weekly rail services & Road connectivity to MDPT with an average transit time of 3-4 days; Less than Container Load (LCL) and Full Container Load (FCL) cargo handling; Refrigerated container train services",MDPT,MDPT,MDPT,null,0,0,0,0,0,0,0,"Jajmau, Lucknow, Varanasi, Bihar, Unnao, Barabanki, Jhansi, Panki, Faizabad, Prayagraj, Jaunpur, Sandila, Chaubepur, Renukoot, and adjoining regions",0,Identified under phase 1 and phase 2; bidding documents (Model Concession Agreement and Request for Proposal) currently being finalised,"Steered by the Ministry of Road Transport & Highways under PM Gati Shakti Yojana. Most multi-modal logistics parks will be built through private-public partnerships (PPP) on Design, Build, Finance, Operate, and Transfer (DBFOT) model. Tripartite agreement signed under the Bharatmala Pariyojna involving the Inland Waterways Authority of India (IWAI), National Highways Logistics Management Limited (NHLML), and Rail Vikas Nigam Limited. Initiative supported by Sagarmala, Bharatmala, UDAN, development of economic zones and corridors.","First Mile Last Mile (FMLM) support via Mobile App, LCL/FCL facilities; online container booking, document filing, and Customs clearance; Reach Stackers, Trailers, 5 High Mast Lights, and CCTV surveillance",https://blog.tatanexarc.com/logistics/mmlp-in-india/ ; https://byjus.com/current-affairs/multimodal-logistics-park-mmlp/ ; https://www.linkedin.com/posts/concorindia_concor-terminal-inland-container-depot-activity-7320442310389809152-AWWP ; https://www.linkedin.com/posts/concorindia_the-concor-inland-container-depot-icd-activity-7419758614325735425-nyaH,Other (blog.tatanexarc.com),Verified
Ranchi Multi-Modal Logistics Park,Multi-Modal Logistics Park,Ranchi,Jharkhand,East,0,0,0,0,0,Planned,null,null,null,null,null,null,0,0,0,0,0,0,0,null,0,Identified under phase 1 and phase 2; bidding documents (Model Concession Agreement and Request for Proposal) currently being finalised,"Steered by the Ministry of Road Transport & Highways under PM Gati Shakti Yojana. Most multi-modal logistics parks will be built through private-public partnerships (PPP) on Design, Build, Finance, Operate, and Transfer (DBFOT) model. Tripartite agreement signed under the Bharatmala Pariyojna involving the Inland Waterways Authority of India (IWAI), National Highways Logistics Management Limited (NHLML), and Rail Vikas Nigam Limited. Initiative supported by Sagarmala, Bharatmala, UDAN, development of economic zones and corridors.",null,https://blog.tatanexarc.com/logistics/mmlp-in-india/ ; https://byjus.com/current-affairs/multimodal-logistics-park-mmlp/,Other (blog.tatanexarc.com),Verified
Siliguri Multi-Modal Logistics Park,Multi-Modal Logistics Park,Siliguri,West Bengal,East,0,0,0,0,0,Planned,null,null,null,null,null,null,0,0,0,0,0,0,0,null,0,Identified under phase 1 and phase 2; bidding documents (Model Concession Agreement and Request for Proposal) currently being finalised,"Steered by the Ministry of Road Transport & Highways under PM Gati Shakti Yojana. Most multi-modal logistics parks will be built through private-public partnerships (PPP) on Design, Build, Finance, Operate, and Transfer (DBFOT) model. Tripartite agreement signed under the Bharatmala Pariyojna involving the Inland Waterways Authority of India (IWAI), National Highways Logistics Management Limited (NHLML), and Rail Vikas Nigam Limited. Initiative supported by Sagarmala, Bharatmala, UDAN, development of economic zones and corridors.",null,https://blog.tatanexarc.com/logistics/mmlp-in-india/ ; https://byjus.com/current-affairs/multimodal-logistics-park-mmlp/,Other (blog.tatanexarc.com),Verified
Tuticorin Multi-Modal Logistics Park,Multi-Modal Logistics Park,Tuticorin,Tamil Nadu,South,0,0,0,0,0,Planned,null,null,null,null,null,null,0,0,0,0,0,0,0,null,0,Identified under phase 1 and phase 2; bidding documents (Model Concession Agreement and Request for Proposal) currently being finalised,"Steered by the Ministry of Road Transport & Highways under PM Gati Shakti Yojana. Most multi-modal logistics parks will be built through private-public partnerships (PPP) on Design, Build, Finance, Operate, and Transfer (DBFOT) model. Tripartite agreement signed under the Bharatmala Pariyojna involving the Inland Waterways Authority of India (IWAI), National Highways Logistics Management Limited (NHLML), and Rail Vikas Nigam Limited. Initiative supported by Sagarmala, Bharatmala, UDAN, development of economic zones and corridors.",null,https://blog.tatanexarc.com/logistics/mmlp-in-india/ ; https://byjus.com/current-affairs/multimodal-logistics-park-mmlp/,Other (blog.tatanexarc.com),Verified
Udaipur Multi-Modal Logistics Park,Multi-Modal Logistics Park,Udaipur,Tripura,North-East,0,0,0,0,0,Planned,null,null,null,null,null,null,0,0,0,0,0,0,0,null,0,Identified under phase 1 and phase 2; bidding documents (Model Concession Agreement and Request for Proposal) currently being finalised,"Steered by the Ministry of Road Transport & Highways under PM Gati Shakti Yojana. Most multi-modal logistics parks will be built through private-public partnerships (PPP) on Design, Build, Finance, Operate, and Transfer (DBFOT) model. Tripartite agreement signed under the Bharatmala Pariyojna involving the Inland Waterways Authority of India (IWAI), National Highways Logistics Management Limited (NHLML), and Rail Vikas Nigam Limited. Initiative supported by Sagarmala, Bharatmala, UDAN, development of economic zones and corridors.",null,https://blog.tatanexarc.com/logistics/mmlp-in-india/ ; https://byjus.com/current-affairs/multimodal-logistics-park-mmlp/,Other (blog.tatanexarc.com),Verified
Nasik Multi-Modal Logistics Park,Multi-Modal Logistics Park,Nasik,null,West,0,0,0,0,0,At various stages of feasibility studies,null,null,null,null,null,null,0,0,0,0,0,0,0,null,0,All other 30 MMLPs are at various stages of feasibility studies,Union Minister for Road Transport and Highways reply in Rajya Sabha; Ministry of Road Transport & Highways,null,https://pib.gov.in/PressReleasePage.aspx?PRID=1911755,Government (pib.gov.in),Verified
Sundargarh Multi-Modal Logistics Park,Multi-Modal Logistics Park,Sundargarh,null,East,0,0,0,0,0,At various stages of feasibility studies,null,null,null,null,null,null,0,0,0,0,0,0,0,null,0,All other 30 MMLPs are at various stages of feasibility studies,Union Minister for Road Transport and Highways reply in Rajya Sabha; Ministry of Road Transport & Highways,null,https://pib.gov.in/PressReleasePage.aspx?PRID=1911755,Government (pib.gov.in),Verified
Cochin Multi-Modal Logistics Park,Multi-Modal Logistics Park,Cochin,Kerala,South,0,0,0,0,0,At various stages of feasibility studies,null,null,null,null,null,null,0,0,0,0,0,0,0,null,0,All other 30 MMLPs are at various stages of feasibility studies,Union Minister for Road Transport and Highways reply in Rajya Sabha; Ministry of Road Transport & Highways,null,https://byjus.com/current-affairs/multimodal-logistics-park-mmlp/ ; https://pib.gov.in/PressReleasePage.aspx?PRID=1911755,Government (pib.gov.in),Verified
Mundra Multi-Modal Logistics Park,Multi-Modal Logistics Park,Mundra,Gujarat,West,9.884,155000.0,0,0,0,Inaugurated,Rail; Road; Warehousing; FTWZ,"Multi-modal logistics park with rail connectivity; Warehousing: FTWZ and Domestic; Rail and Road Transportation; FTWZ at Mundra – Benefits include duty deferment, tax exemptions, ease of re-exporting and other value-added services; Transportation of container cargo from Gateway ports (Mundra, Pipapav, JNPT and Ennore) to logistics parks; Dedicated RO-RO facility available at Adani Port, Mundra with pre-dispatch storage capacity of 20,000 cars","Gateway ports Mundra, Pipapav, JNPT and Ennore",null,Mundra; Pipapav; JNPT; Ennore,null,0,0,0,0,0,0,0,Auto,0,"Inaugurated by Mr Atit Mahajan (Managing Director, CMA CGM India) and Mr Jean Vanmalle (Vice President, CMA CGM Inland Services); developed in collaboration with Shubham Newport LLP (SNLLP)",FTWZ at Mundra,"Dedicated RO-RO facility available at Adani Port, Mundra with pre-dispatch storage capacity of 20,000 cars",https://www.adaniports.com/logistics ; https://www.logisticsinsider.in/cma-cgm-groups-new-inland-depot-facility-in-mundra-expected-to-handle-approximately-155000-teus-annually/,Operator (www.adaniports.com),Verified
Gati-KWE Surface Transhipment Centre Delhi,Surface Transhipment Centre (STC),Delhi,Delhi,North,0,0,0,0,0,Plans to set up,null,null,null,null,null,null,0,0,0,0,0,0,0,null,0,Gati-KWE announces plans to set up Surface Transhipment Centre (STC) in Delhi,null,null,https://www.logisticsinsider.in/cma-cgm-groups-new-inland-depot-facility-in-mundra-expected-to-handle-approximately-155000-teus-annually/,Other (www.logisticsinsider.in),Unverified
Hiranandani Industrial Logistics and Data Centre Park West Bengal,Logistics Park,West Bengal,West Bengal,East,0,0,0,0,10000.0,Planned,null,null,null,null,null,null,0,0,0,0,0,0,0,null,0,"Hiranandani Group to invest INR 10000 crore for industrial, logistics and data centre park in West Bengal",null,null,https://www.logisticsinsider.in/cma-cgm-groups-new-inland-depot-facility-in-mundra-expected-to-handle-approximately-155000-teus-annually/,Other (www.logisticsinsider.in),Unverified
North India Integrated Multimodal Logistics Hub,Integrated Multimodal Logistics Hub,null,null,North,0,0,0,0,0,Construction to commence soon,null,null,null,null,null,null,0,0,0,0,0,0,0,null,0,Construction of North India's largest Integrated Multimodal Logistics Hub to commence soon,null,null,https://www.logisticsinsider.in/cma-cgm-groups-new-inland-depot-facility-in-mundra-expected-to-handle-approximately-155000-teus-annually/,Other (www.logisticsinsider.in),Unverified
Container Manufacturing Hub Bhavnagar,Container Manufacturing Hub,Bhavnagar,null,West,0,0,0,0,0,To be set up,null,null,null,null,null,null,0,0,0,0,0,0,0,null,0,Centre to set up a container manufacturing hub at Bhavnagar,null,null,https://www.logisticsinsider.in/cma-cgm-groups-new-inland-depot-facility-in-mundra-expected-to-handle-approximately-155000-teus-annually/,Other (www.logisticsinsider.in),Unverified
Assam Multi-Modal Logistics Park,Multi-Modal Logistics Park,Assam,Assam,North-East,0,0,0,0,0,To be built,null,null,null,null,null,null,0,0,0,0,0,0,0,null,0,India's first Multi-modal Logistics Park to be built in Assam,null,null,https://www.logisticsinsider.in/cma-cgm-groups-new-inland-depot-facility-in-mundra-expected-to-handle-approximately-155000-teus-annually/,Other (www.logisticsinsider.in),Unverified
sKart Express Depot Noida,Depot,Noida,null,Central,0,0,0,0,0,Launched,null,null,null,null,null,null,0,0,0,0,0,0,0,null,0,sKart Express launches its first Depot in collaboration with SpiceJet in Noida,null,null,https://www.logisticsinsider.in/cma-cgm-groups-new-inland-depot-facility-in-mundra-expected-to-handle-approximately-155000-teus-annually/,Other (www.logisticsinsider.in),Unverified
MMLP Salawas,MMLP,Salawas,Rajasthan,North,0,0,0,0,0,development,null,null,null,null,null,null,0,0,0,0,0,0,0,null,0,null,null,null,https://www.linkedin.com/posts/concorindia_the-concor-inland-container-depot-icd-activity-7419758614325735425-nyaH,Other (www.linkedin.com),Verified
MMLP Mandalgarh,MMLP,Mandalgarh,Rajasthan,North,0,0,0,0,0,upcoming,null,null,null,null,null,null,0,0,0,0,0,0,0,null,0,null,null,null,https://www.linkedin.com/posts/concorindia_the-concor-inland-container-depot-icd-activity-7419758614325735425-nyaH,Other (www.linkedin.com),Verified
Multimodal Logistics Park (MMLP) near Pithampur,MMLP,Pithampur,Madhya Pradesh,Central,250.0,0,0,0,1110.0,Phase-I expected by 2027,"Road, Rail",Road & Rail freight connectivity; Inland Container Depot (ICD) facilities; Warehousing & cargo aggregation zones; Commercial logistics infrastructure; aligns with PM Gati Shakti master plan,null,null,null,null,0,0,0,0,0,0,0,"Indore, Pithampur, Dewas, Dhar and surrounding clusters",0,Phase-I expected by 2027,null,null,https://www.linkedin.com/posts/concorindia_the-concor-inland-container-depot-icd-activity-7419758614325735425-nyaH,Other (www.linkedin.com),Verified
Patli Multi-Modal Logistics Park,Multi-Modal Logistics Park; Inland Container Depot,Patli,null,North,0,0,0,0,0,null,Rail; Road; Warehousing; Auto Logistics,"Multi-modal logistics park with rail connectivity; Terminal Service; Warehousing: Bonded and Domestic; Rail Transportation: EXIM and Domestic; Road Transportation: EXIM and Domestic; Auto Logistics; Transportation of container cargo from Gateway ports (Mundra, Pipapav, JNPT and Ennore) to logistics parks; Presence at major industrial centres such as NCR (Tauru and Patli)","Gateway ports Mundra, Pipapav, JNPT and Ennore",null,Mundra; Pipapav; JNPT; Ennore,null,0,0,0,0,0,0,0,Auto,0,null,Notified as Inland Container Depot (ICD) for handling and custom clearance of EXIM cargo; ICD services (custom clearance) available,null,https://www.adaniports.com/logistics,Operator (www.adaniports.com),Verified
Tumb Multi-Modal Logistics Park,Multi-Modal Logistics Park; Inland Container Depot,Tumb,null,West,0,0,0,0,0,null,Rail; Road; Warehousing,"Multi-modal logistics park with rail connectivity; Terminal Service; Warehousing: Bonded; Rail Transportation: EXIM and Domestic; Road Transportation: EXIM and Domestic; Transportation of container cargo from Gateway ports (Mundra, Pipapav, JNPT and Ennore) to logistics parks; Presence at major industrial centres such as Dadra and Nagar Haveli (Tumb)","Gateway ports Mundra, Pipapav, JNPT and Ennore",null,Mundra; Pipapav; JNPT; Ennore,null,0,0,0,0,0,0,0,null,0,null,Notified as Inland Container Depot (ICD) for handling and custom clearance of EXIM cargo; ICD services (custom clearance) available,null,https://www.adaniports.com/logistics,Operator (www.adaniports.com),Verified
Kilaraipur Multi-Modal Logistics Park,Multi-Modal Logistics Park; Inland Container Depot,Kilaraipur,null,North,0,0,0,0,0,null,Rail; Road; Warehousing; Auto Logistics,"Multi-modal logistics park with rail connectivity; Terminal Service; Warehousing: Bonded; Rail Transportation: EXIM and Domestic; Road Transportation: EXIM and Domestic; Auto Logistics; Transportation of container cargo from Gateway ports (Mundra, Pipapav, JNPT and Ennore) to logistics parks","Gateway ports Mundra, Pipapav, JNPT and Ennore",null,Mundra; Pipapav; JNPT; Ennore,null,0,0,0,0,0,0,0,Auto,0,null,Notified as Inland Container Depot (ICD) for handling and custom clearance of EXIM cargo; ICD services (custom clearance) available,null,https://www.adaniports.com/logistics,Operator (www.adaniports.com),Verified
Kishangarh Multi-Modal Logistics Park,Multi-Modal Logistics Park,Kishangarh,null,North,0,0,0,0,0,null,Rail; Road; Warehousing,"Multi-modal logistics park with rail connectivity; Terminal Service; Warehousing: Domestic; Rail Transportation: Domestic; Road Transportation: Domestic; Transportation of container cargo from Gateway ports (Mundra, Pipapav, JNPT and Ennore) to logistics parks; ALL will also be starting EXIM operations at Kishangarh","Gateway ports Mundra, Pipapav, JNPT and Ennore",null,Mundra; Pipapav; JNPT; Ennore,null,0,0,0,0,0,0,0,null,0,ALL will also be starting EXIM operations at Kishangarh,null,null,https://www.adaniports.com/logistics,Operator (www.adaniports.com),Verified
Malur Multi-Modal Logistics Park,Multi-Modal Logistics Park,Malur,null,South,0,0,0,0,0,null,Rail; Road; Warehousing,"Multi-modal logistics park with rail connectivity; Terminal Service; Warehousing: Domestic; Rail Transportation: Domestic; Road Transportation: Domestic; Transportation of container cargo from Gateway ports (Mundra, Pipapav, JNPT and Ennore) to logistics parks; Presence at major industrial centres such as Bengaluru (Malur); ALL will also be starting EXIM operations at Malur","Gateway ports Mundra, Pipapav, JNPT and Ennore",null,Mundra; Pipapav; JNPT; Ennore,null,0,0,0,0,0,0,0,null,0,ALL will also be starting EXIM operations at Malur,null,null,https://www.adaniports.com/logistics,Operator (www.adaniports.com),Verified
Taloja Multi-Modal Logistics Park,Multi-Modal Logistics Park,Taloja,null,West,0,0,0,0,0,null,Rail; Road; Warehousing,"Multi-modal logistics park with rail connectivity; Terminal Service; Warehousing: Domestic; Rail Transportation: Domestic; Road Transportation: Domestic; Transportation of container cargo from Gateway ports (Mundra, Pipapav, JNPT and Ennore) to logistics parks; Presence at major industrial centres such as Mumbai (Taloja and Kalyan)","Gateway ports Mundra, Pipapav, JNPT and Ennore",null,Mundra; Pipapav; JNPT; Ennore,null,0,0,0,0,0,0,0,null,0,null,null,null,https://www.adaniports.com/logistics,Operator (www.adaniports.com),Verified
Kanech Multi-Modal Logistics Park,Multi-Modal Logistics Park; POL tank farm,Kanech,null,North,0,0,0,0,0,null,Rail; Road; Warehousing,"Multi-modal logistics park with rail connectivity; Kanech (POL tank farm); Terminal Service; Warehousing: Bonded; Rail Transportation: EXIM and Domestic; Road Transportation: EXIM and Domestic; Transportation of container cargo from Gateway ports (Mundra, Pipapav, JNPT and Ennore) to logistics parks","Gateway ports Mundra, Pipapav, JNPT and Ennore",null,Mundra; Pipapav; JNPT; Ennore,null,0,0,0,0,0,0,0,null,0,null,null,null,https://www.adaniports.com/logistics,Operator (www.adaniports.com),Verified
Loni Multi-Modal Logistics Park,Multi-Modal Logistics Park; Inland Container Depot,Loni,null,Central,0,0,0,0,0,null,Rail; Road; Warehousing; Auto Logistics,"Multi-modal logistics park with rail connectivity; Terminal Service; Warehousing: Bonded and Domestic; Rail Transportation: EXIM and Domestic; Road Transportation: EXIM and Domestic; Auto Logistics; Transportation of container cargo from Gateway ports (Mundra, Pipapav, JNPT and Ennore) to logistics parks","Gateway ports Mundra, Pipapav, JNPT and Ennore",null,Mundra; Pipapav; JNPT; Ennore,null,0,0,0,0,0,0,0,Auto,0,null,Notified as Inland Container Depot (ICD) for handling and custom clearance of EXIM cargo; ICD services (custom clearance) available; ALL is Strategic Alliance Management Operator appointed by CWC at ICD Loni,null,https://www.adaniports.com/logistics,Operator (www.adaniports.com),Verified
Valvada Multi-Modal Logistics Park,Multi-Modal Logistics Park; Inland Container Depot,Valvada,null,West,0,0,0,0,0,null,null,"Multi-modal logistics park with rail connectivity; Terminal Service; Warehousing: Bonded; Rail Transportation: EXIM and Domestic; Transportation of container cargo from Gateway ports (Mundra, Pipapav, JNPT and Ennore) to logistics parks","Gateway ports Mundra, Pipapav, JNPT and Ennore",null,Mundra; Pipapav; JNPT; Ennore,null,0,0,0,0,0,0,0,null,0,null,Notified as Inland Container Depot (ICD) for handling and custom clearance of EXIM cargo; ICD services (custom clearance) available; ALL is Strategic Alliance Management Operator appointed by CWC at ICD Valvada,null,https://www.adaniports.com/logistics,Operator (www.adaniports.com),Verified
Virochannagar Multi-Modal Logistics Park,Multi-Modal Logistics Park,Virochannagar,null,West,0,0,0,0,0,Under development; expected to be operational in FY 2023-24,Rail,"Multi-modal logistics park with rail connectivity; Logistics parks under development at Virochannagar, expected to be operational in FY 2023-24; Transportation of container cargo from Gateway ports (Mundra, Pipapav, JNPT and Ennore) to logistics parks; ALL will also be starting EXIM operations at Virochannagar","Gateway ports Mundra, Pipapav, JNPT and Ennore",null,Mundra; Pipapav; JNPT; Ennore,null,0,0,0,0,0,0,0,null,0,"Logistics parks under development at Virochannagar, expected to be operational in FY 2023-24; ALL will also be starting EXIM operations at Virochannagar",null,null,https://www.adaniports.com/logistics,Operator (www.adaniports.com),Verified
Bawal Logistics Park,Logistics Park,Bawal,null,North,0,0,0,0,0,null,Rail; Road; Warehousing; Auto Logistics,Terminal Service; Warehousing: Bonded and Domestic; Rail Transportation: EXIM and Domestic; Road Transportation: EXIM and Domestic; Auto Logistics,null,null,null,null,0,0,0,0,0,0,0,Auto,0,null,null,null,https://www.adaniports.com/logistics,Operator (www.adaniports.com),Verified
Parkibanda Multi-Modal Logistics Park,Multi-Modal Logistics Park (MMLP),Parkibanda,Telangana,South,0,0,0,0,0,planned,"road, rail","Direct access to NH-44 and major rail routes, with future connectivity to the Mumbai and JNPT freight corridors via the Regional Ring Road",major rail routes; future connectivity to Mumbai and JNPT freight corridors via Regional Ring Road,NH-44; Regional Ring Road,JNPT (future via Regional Ring Road); Mumbai freight corridor (future via Regional Ring Road),null,0,0,0,0,0,0,0,null,0,"Reviewed by Network Planning Group (NPG) at 98th meeting; planned to handle 1.47 million metric tonnes of cargo annually from 2028, with capacity rising to nearly 20 million metric tonnes by 2070",Aligned with PM GatiShakti framework; reviewed by Network Planning Group (NPG),null,https://ddindia.co.in/2025/08/npg-reviews-seven-infrastructure-projects-across-rail-roads-logistics-and-textiles/,Other (ddindia.co.in),Verified
PM MITRA Park Dhar,PM MITRA Park,Dhar,Madhya Pradesh,Central,2158.0,0,0,0,2063.0,proposed to be established,"road, air, rail, port",Site located about 100 km from Indore Airport; Delhi-Mumbai Expressway exit at around 65 km at Ratlam; two inland container Depots (ICDs) at Tihi and Dhannad at 90 km and 80 km respectively; upcoming MMLP in Indore at 85 km; nearest sea port around 450 km at Hazira,ICD Tihi (90 km); ICD Dhannad (80 km); upcoming MMLP Indore (85 km),Delhi-Mumbai Expressway exit at Ratlam (around 65 km),Hazira (around 450 km),Indore Airport (100 km),0,0,0,0,0,0,0,"Textile and garment value chain including fiber processing, spinning, knitting, weaving, non-woven fabrics, wet processing, printing, finishing, cutting/sewing, apparel, madeups, technical textiles and related activities",0,"Park to be developed with trunk infrastructure including secured boundary wall, road and storm water drainage, cross drainage, water supply system, effluent and sewage collection and recycling, power/electrical supply with 220 KVA substation, underground cable ducts, street lights, Integrated Control and Command Centre, CCTV surveillance, IoT, SCADA monitored utilities, CETP, Solar Plant, Plug and Play Units and Centralized Steam Boiler; support infrastructure including Common Testing Facilities, Skill Development Centre, Residential Towers, Workers accommodation, Hostel facilities for working women, Hospital, Day care centre, school/education centre","Ministry of Textiles, GoI approved setting up of seven PM MITRA Parks; MPIDC designated as agency for implementing PM MITRA Park in Dhar, Madhya Pradesh; land allotment governed by Madhya Pradesh State Industrial Land and Building Management Rules, 2019 (as amended 2025); Board of Directors, PM MITRA Park Ltd., Madhya Pradesh decision final where policy lacks specific provisions",null,https://invest.mp.gov.in/wp-content/uploads/2025/08/FINAL-PM-MITRA-LAND-POLICY-MP-AUGUST-22.pdf,Government (invest.mp.gov.in),Verified
Tihi ICD,ICD,Tihi,null,Central,0,0,0,0,0,null,rail,"Inland container Depot at Tihi, 90 km from PM MITRA Park Dhar",null,null,null,null,0,0,0,0,0,0,0,null,0,null,null,null,https://invest.mp.gov.in/wp-content/uploads/2025/08/FINAL-PM-MITRA-LAND-POLICY-MP-AUGUST-22.pdf,Government (invest.mp.gov.in),Verified
Dhannad ICD,ICD,Dhannad,null,Central,0,0,0,0,0,null,rail,"Inland container Depot at Dhannad, 80 km from PM MITRA Park Dhar",null,null,null,null,0,0,0,0,0,0,0,null,0,null,null,null,https://invest.mp.gov.in/wp-content/uploads/2025/08/FINAL-PM-MITRA-LAND-POLICY-MP-AUGUST-22.pdf,Government (invest.mp.gov.in),Verified
Logix Park,CFS,Between 2 and 8 kilometres from container berths at Port Pipavav,Gujarat,West,0,0,0,0,0,Operational,null,One of three fully functional Container Freight Stations located between 2 and 8 kilometres from the container berths at Port Pipavav; containers can typically be moved from the CFS to the vessel in the shortest transit time,null,"Saurashtra central, northern Gujarat, Rajasthan and other parts of northwest India",Port Pipavav container berths (2-8 km),null,0,0,0,0,0,0,0,Cotton; wood pulp; sesame seeds; cattle feeds; agricultural products; ceramic tiles; soda ash; auto parts; spices; capital goods; scrap; water paper; electronics,0,null,null,null,https://www.apmterminals.com/en/pipavav/about/our-terminal,Other (www.apmterminals.com),Verified
Contrans Logistics,CFS,Between 2 and 8 kilometres from container berths at Port Pipavav,Gujarat,West,0,0,0,0,0,Operational,null,One of three fully functional Container Freight Stations located between 2 and 8 kilometres from the container berths at Port Pipavav; containers can typically be moved from the CFS to the vessel in the shortest transit time,null,"Saurashtra central, northern Gujarat, Rajasthan and other parts of northwest India",Port Pipavav container berths (2-8 km),null,0,0,0,0,0,0,0,Cotton; wood pulp; sesame seeds; cattle feeds; agricultural products; ceramic tiles; soda ash; auto parts; spices; capital goods; scrap; water paper; electronics,0,null,null,null,https://www.apmterminals.com/en/pipavav/about/our-terminal,Other (www.apmterminals.com),Verified
CWC,CFS,Between 2 and 8 kilometres from container berths at Port Pipavav,Gujarat,West,0,0,0,0,0,Operational,null,One of three fully functional Container Freight Stations located between 2 and 8 kilometres from the container berths at Port Pipavav; containers can typically be moved from the CFS to the vessel in the shortest transit time,null,"Saurashtra central, northern Gujarat, Rajasthan and other parts of northwest India",Port Pipavav container berths (2-8 km),null,0,0,0,0,0,0,0,Cotton; wood pulp; sesame seeds; cattle feeds; agricultural products; ceramic tiles; soda ash; auto parts; spices; capital goods; scrap; water paper; electronics,0,null,null,null,https://www.apmterminals.com/en/pipavav/about/our-terminal,Other (www.apmterminals.com),Verified
Kappa-2 Multi-Modal Logistics Park,Multi-Modal Logistics Park,"Kappa-2, Greater Noida",Uttar Pradesh,Central,174.0,0,0,0,1200.0,"Launched by GNIDA on May 23; three companies (Adani Ports and Special Economic Zone Ltd, Super Handlers, Empezar Logistics) submitted proposals; applications closed June 23; high-level committee chaired by chief secretary Manoj Kumar Singh to finalise developer selection","Road, Rail, Air","Set to come up next to the Concor-operated dry port; will feature an intermodal container terminal for cargo transport via road, rail, and air; leverages proximity to the upcoming Noida International Airport in Jewar; positioned to connect the Eastern and Western Dedicated Freight Corridors; will include container terminals, cargo yards, cold storage warehouses, and mechanised systems for handling bulk and break-bulk cargo; aims to streamline freight movement for industries in the region and transform Noida into an integrated cargo hub with seamless air, rail, and road connectivity","Eastern Dedicated Freight Corridor, Western Dedicated Freight Corridor",null,null,"Noida International Airport, Jewar",0,0,0,0,0,0,0,Industries in the region; industrial clusters in Greater Noida and nearby areas; western Uttar Pradesh manufacturing industries,0,"GNIDA launched project May 23; applications closed June 23; UP chief secretary Manoj Kumar Singh reviewed project during visit to Greater Noida before Jul 12, 2025 article; presentation session held where three companies showcased plans; high-level committee to finalise developer selection after meeting","Multi-Modal Logistics Park Policy, 2024; developers required to propose minimum investment of Rs 1,200 crore excluding estimated Rs 800 crore land cost; developers required at least 10 years of experience operating container depots or rail terminals","Project aims to attract over Rs 1,200 crore in investment and create more than 5,000 jobs",https://timesofindia.indiatimes.com/city/noida/adani-ports-among-3-cos-vying-for-land-to-build-logistics-park/articleshow/122394857.cms,News (timesofindia.indiatimes.com),Unverified
"Concor-operated Dry Port, Greater Noida",Dry Port,Greater Noida,Uttar Pradesh,Central,0,0,0,0,0,Operational; handles container storage and processing,null,Concor-operated dry port that handles container storage and processing; located next to the proposed Kappa-2 multi-modal logistics park site,null,null,null,null,0,0,0,0,0,0,0,null,0,null,null,null,https://timesofindia.indiatimes.com/city/noida/adani-ports-among-3-cos-vying-for-land-to-build-logistics-park/articleshow/122394857.cms,News (timesofindia.indiatimes.com),Unverified
Greater Noida Railway Terminal Boraki,Railway Terminal,Boraki,null,Central,0,0,0,0,0,Expected to relieve pressure on existing terminals in Delhi,Rail,"Greater Noida railway terminal situated on Delhi-Howrah railway line; primarily caters to eastbound trains heading towards eastern Uttar Pradesh, Bihar, West Bengal, and other states",Delhi-Howrah railway line; eastern Uttar Pradesh; Bihar; West Bengal,null,null,null,0,0,0,0,0,0,0,null,0,null,null,null,https://www.constructionworld.in/urban-infrastructure/warehouse-and-logistics/dadri-station-linked-to-logistics-hub-via-3km-rail-track/41808,Other (www.constructionworld.in),Verified
Kanamam Logistics and Light Industrial Park,Logistics Park,"Kanamam village, Visakhapatnam district",Andhra Pradesh,South,91.38,0,0,0,1008.0,Land allotment approved,null,"Allotted 91.38 acres at Kanamam village in Visakhapatnam district to Ecobox Industrial Asset IV Private Limited; total built-up area of 19.45 lakh sq. ft. across 44.65 acres comprising three warehouse blocks (14.68 lakh sq. ft. combined), a light manufacturing unit, a data centre and allied activities block, and an administrative building; 5-7 acres approved for networking and connectivity infrastructure; forms part of broader ecosystem around Google's proposed $15 billion India AI Hub in Visakhapatnam",null,null,null,null,0,0,0,0,0,0,0,Google's proposed India AI Hub in Visakhapatnam; warehousing; logistics; light manufacturing; data centre,0,"Subject to final agreements, Google plans to utilise the park in phases for warehousing, logistics and service requirements of the proposed data centre campus, with the first right of refusal to purchase all or part of the site once operational; Google has identified Ecobox, through Logical Holdings, as its preferred development partner for the logistics infrastructure required for the AI Hub",Andhra Pradesh government approved allotment of 91.38 acres at Kanamam village in Visakhapatnam district to Ecobox Industrial Asset IV Private Limited for a logistics and light industrial park supporting Google's proposed India AI Hub in Visakhapatnam,"Land allotted at Rs 55 lakh per acre; total investment of Rs 1,008 crore; expected to generate around 5,000 jobs; three warehouse blocks together provide 14.68 lakh sq. ft. of built-up space",https://ssmb.in/2026/07/13/ap-allots-91-acres-for-logistics-park-near-google-ai-hub/,Other (ssmb.in),Unverified
Wardha Dry Port,"Dry Port, ICD",Wardha,Maharashtra,West,0,0,0,0,0,Identified among four Maharashtra dry ports prioritized under Sagarmala post-2017,null,null,null,null,null,null,0,0,0,0,0,0,0,null,0,"Listed among four Maharashtra dry ports (Jalna, Wardha, Nashik, Sangli) under Sagarmala prioritization by late 2017",Sagarmala programme inland port initiative; JNPT developer for Maharashtra dry ports,null,https://grokipedia.com/page/jalna_dry_port,Other (grokipedia.com),Unverified
Maliwada Inland Container Depot,ICD,"Maliwada, Aurangabad",Maharashtra,West,0,0,0,0,0,Prior CONCOR-operated ICD; cargo handling transitioned to Jalna Dry Port after March 2024 inauguration,null,Approximately 80 km from Jalna Dry Port,null,null,null,null,0,0,0,0,0,0,0,null,80.0,CONCOR cargo handling transitioned from this site to Jalna Dry Port following Jalna inauguration on 12 March 2024,Operated by Container Corporation of India (CONCOR) prior to Jalna Dry Port operations,CONCOR rail services previously handled at this ICD before shift to Jalna Dry Port,https://grokipedia.com/page/jalna_dry_port,Other (grokipedia.com),Unverified
