origin_zone,destination_zone,month,shipments,charged_weight,basic_freight,total_freight,vas_freight,avg_shipment_base_yield,avg_shipment_total_yield,base_yield,total_yield,vas_yield,yield_uplift,avg_weight_per_shipment,weight_share_pct,basic_freight_share_pct,total_freight_share_pct,base_yield_mom_abs,base_yield_mom_pct,total_yield_mom_abs,total_yield_mom_pct,vas_yield_mom_abs,vas_yield_mom_pct,charged_weight_mom_abs,charged_weight_mom_pct,shipments_mom_abs,shipments_mom_pct
NORTH ZONE RO,NORTH ZONE RO,April,64,24160.0,167236.5,216892.61,49656.11,7.6203125,12.544445994569687,6.9220405629139075,8.977343129139072,2.0553025662251656,2.0553025662251647,377.5,0.07711224904450552,0.05194942661948089,0.053549097789645776,,,,,,,,,,
NORTH ZONE RO,NORTH ZONE RO,May,49,43461.0,206741.0,269924.26,63183.26,6.465918367346938,10.069573055055876,4.756931501806217,6.210723637284002,1.4537921354777847,1.4537921354777854,886.9591836734694,0.1387158715117241,0.0642208872389586,0.06664219954076707,-2.1651090611076906,-31.278479827287587,-2.76661949185507,-30.817798228910842,-0.6015104307473809,-29.26627157636134,19301.0,79.88824503311258,-15.0,-23.4375
NORTH ZONE RO,NORTH ZONE RO,June,35,38050.0,209183.1,271623.61,62440.51,6.58875920800511,10.118099489098407,5.497584756898817,7.138596846254927,1.6410120893561104,1.64101208935611,1087.142857142857,0.12144540878077131,0.06497948775228812,0.06706175583329743,0.7406532550926004,15.569979403978651,0.927873208970925,14.939856660192518,0.18721995387832568,12.878041455135287,-5411.0,-12.450242746370309,-14.0,-28.571428571428573
NORTH ZONE RO,NORTH ZONE RO,July,50,61320.0,276274.45,319375.42,43100.97,5.745,8.52045443384013,4.505454174820613,5.208340182648402,0.7028860078277887,0.7028860078277885,1226.4,0.1957170162007069,0.08582037573802634,0.07885130617031715,-0.9921305820782038,-18.046662779199494,-1.9302566636065253,-27.03972090284357,-0.9381260815283218,-57.16753018537588,23270.0,61.156373193166885,15.0,42.857142857142854
NORTH ZONE RO,EAST ZONE RO,April,940,723453.1,6268201.31,7803323.55,1535122.24,9.290327267544534,13.7606929061902,8.66428149938123,10.786218968444533,2.121937469063302,2.121937469063303,769.6309574468085,2.3090685272855778,1.9471195820887126,1.9265798676275592,,,,,,,,,,
NORTH ZONE RO,EAST ZONE RO,May,945,677557.75,5897133.17,7526038.88,1628905.71,9.334043635376629,15.021868889349653,8.703513715251578,11.107597662339483,2.404083947087905,2.404083947087905,716.992328042328,2.1625828625842223,1.831853015820241,1.8581204401283942,0.03923221587034753,0.4528040308148961,0.32137869389494966,2.979530592093063,0.282146478024603,13.296644323319878,-45895.34999999998,-6.343928860073995,5.0,0.5319148936170213
NORTH ZONE RO,EAST ZONE RO,June,912,637447.318,5675562.7,7272253.95,1596691.25,9.226323760675966,14.34462484564878,8.903579228801462,11.408399948746824,2.504820719945362,2.5048207199453625,698.9553925438596,2.0345611067205343,1.7630255835772266,1.7954629155861408,0.2000655135498839,2.298675225837809,0.3008022864073414,2.7080768997171836,0.10073677285745708,4.190235244467262,-40110.43200000003,-5.919854359277867,-33.0,-3.492063492063492
NORTH ZONE RO,EAST ZONE RO,July,1048,712638.0,5999990.19,7490478.47,1490488.28,9.0292932453081,13.205201240954755,8.419408156735958,10.510916440043893,2.0915082833079346,2.0915082833079346,679.9980916030535,2.274549624775593,1.8638039548364753,1.84934085159133,-0.4841710720655037,-5.437937481359162,-0.8974835087029316,-7.866865754487485,-0.41331243663742745,-16.500679403771585,75190.68200000003,11.795591553496823,136.0,14.912280701754385
NORTH ZONE RO,WEST ZONE RO,April,1,2400.0,18480.0,20000.0,1520.0,7.7,8.333333333333334,7.7,8.333333333333334,0.6333333333333333,0.6333333333333337,2400.0,0.0076601571898515415,0.005740525566655646,0.004937844382032728,,,,,,,,,,
NORTH ZONE RO,WEST ZONE RO,May,10,28968.0,181699.6,200276.6,18577.0,7.656999999999999,9.231413437426932,6.272424744545706,6.91371858602596,0.641293841480254,0.6412938414802536,2896.8,0.09245809728150811,0.056442164461639834,0.04944673420813079,-1.4275752554542942,-18.5399383825233,-1.4196147473073744,-17.035376967688492,0.00796050814692073,1.2569223389874837,26568.0,1107.0,9.0,900.0
NORTH ZONE RO,WEST ZONE RO,June,8,18240.0,94865.0,109731.0,14866.0,5.7837499999999995,6.763553915811521,5.20093201754386,6.015953947368421,0.8150219298245615,0.8150219298245611,2280.0,0.058217194642871714,0.02946834187666601,0.027091730094241664,-1.0714927270018464,-17.082591990180212,-0.8977646386575389,-12.985264405642788,0.17372808834430742,27.09024741970123,-10728.0,-37.03396851698426,-2.0,-20.0
NORTH ZONE RO,WEST ZONE RO,July,3,7230.0,72338.0,84214.0,11876.0,9.183333333333332,10.793708780622076,10.005255878284924,11.647856154910096,1.6426002766251728,1.6426002766251724,2410.0,0.02307622353442777,0.02247067848705282,0.02079178133942521,4.804323860741064,92.37428684964635,5.631902207541676,93.61611237076137,0.8275783468006114,101.54062320491828,-11010.0,-60.36184210526316,-5.0,-62.5
NORTH ZONE RO,SOUTH ZONE RO,April,78,142212.0,1115425.45,1252821.38,137395.93,8.019102564102564,10.226660174975754,7.843398939611284,8.80953351334627,0.9661345737349871,0.966134573734986,1823.2307692307693,0.4539026142846531,0.3464896273497499,0.30931185064617445,,,,,,,,,,
NORTH ZONE RO,SOUTH ZONE RO,May,81,86607.0,750911.4,893091.27,142179.87,8.482757201646091,11.462181385007101,8.670331497454017,10.311998683709168,1.6416671862551526,1.6416671862551517,1069.2222222222222,0.27642634739228017,0.23325898755374372,0.22049728551059872,0.8269325578427322,10.5430383461244,1.502465170362898,17.05499125562883,0.6755326125201655,69.92117153085815,-55605.0,-39.1000759429584,3.0,3.8461538461538463
NORTH ZONE RO,SOUTH ZONE RO,June,90,137034.0,1098780.55,1344575.69,245795.13999999998,8.384074074074075,11.294490764015485,8.018306040836581,9.81198600347359,1.7936799626370097,1.7936799626370092,1522.6,0.4373758251475484,0.3413191471547052,0.3319652758542139,-0.6520254566174355,-7.520190627185343,-0.500012680235578,-4.848843522696477,0.15201277638185706,9.25965857480633,50427.0,58.225085732100176,9.0,11.11111111111111
NORTH ZONE RO,SOUTH ZONE RO,July,86,181097.0,1309748.99,1498510.37,188761.38,7.436452842377261,9.158572692042501,7.232306388289149,8.274628348343706,1.0423219600545564,1.042321960054557,2105.779069767442,0.5780131194210603,0.4068532231058663,0.3699705505961142,-0.7859996525474324,-9.802564887700719,-1.5373576551298846,-15.668159887158795,-0.7513580025824533,-41.889189723557564,44063.0,32.15479370083337,-4.0,-4.444444444444445
NORTH ZONE RO,NORTH EAST ZONE RO,April,2424,1360426.0,15757437.45,18206032.0,2448594.55,13.385944942053433,17.27231766905853,11.582722948547,13.382596333795444,1.799873385248444,1.7998733852484445,561.2318481848184,4.342115418817072,4.894803709237129,4.494927641515403,,,,,,,,,,
NORTH ZONE RO,NORTH EAST ZONE RO,May,2587,1514765.0,17470422.59,20316614.48,2846191.89,13.110527004435873,17.301441631674752,11.533421085118814,13.412387056738174,1.87896597161936,1.87896597161936,585.529570931581,4.834724169035613,5.426915992325397,5.016014033599639,-0.049301863428185655,-0.4256500276074578,0.029790722942729886,0.22260794691608937,0.07909258637091598,4.394341680873207,154339.0,11.344902258557246,163.0,6.724422442244224
NORTH ZONE RO,NORTH EAST ZONE RO,June,2538,1536519.3,17568230.21,21219995.13,3651764.92,13.312853907590274,17.91757941563605,11.433784274626424,13.81043188328321,2.3766476086567865,2.3766476086567856,605.4055555555556,4.90415806801694,5.457298413495513,5.239051686971617,-0.09963681049238993,-0.8638964081606971,0.3980448265450356,2.9677403795550625,0.4976816370374264,26.486995749502935,21754.300000000047,1.4361501619063053,-49.0,-1.8940858136838037
NORTH ZONE RO,NORTH EAST ZONE RO,July,2589,1418241.0,16714259.79,20371478.46,3657218.67,13.478266263250132,18.309897601550084,11.785204200132418,14.363904625518513,2.5787004253860943,2.5787004253860957,547.7949015063731,4.526645413788433,5.192025738756462,5.029559523370587,0.35141992550599355,3.073522440736057,0.5534727422353036,4.007642533650616,0.20205281672930786,8.501589213030298,-118278.30000000005,-7.697807635738779,51.0,2.0094562647754137
NORTH ZONE RO,NEPAL ZONE,April,1945,2001675.96,17018937.59,21330264.45,4311326.86,9.004024243978503,15.343839986883616,8.502344000774231,10.6562025403952,2.153858539620969,2.153858539620968,1029.1393110539846,6.3888135403112445,5.286669174930293,5.266276324085246,,,,,,,,,,
NORTH ZONE RO,NEPAL ZONE,May,1839,1860956.03,15855192.66,20193414.13,4338221.47,9.051016858435526,15.750606952547916,8.51991793701864,10.851096857995081,2.33117892097644,2.3311789209764413,1011.9391136487221,5.9396732138342,4.925169850053081,4.98559682579404,0.017573936244408728,0.20669519185307522,0.19489431759988207,1.8289284279374645,0.17732038135547112,8.232684649135573,-140719.92999999993,-7.030105412266625,-106.0,-5.4498714652956295
NORTH ZONE RO,NEPAL ZONE,June,2032,1993085.61,16939841.14,22300157.92,5360316.78,8.973066896547937,15.89076513703822,8.499304322406903,11.18876068750504,2.6894563650981356,2.6894563650981365,980.8492175196851,6.361395443929644,5.262099088704281,5.505735475185732,-0.020613614611736608,-0.241946163849436,0.33766382950995855,3.111794447408034,0.3582774441216956,15.368938046661263,132129.58000000007,7.100091451381582,193.0,10.494834148994018
NORTH ZONE RO,NEPAL ZONE,July,1800,2005163.85,16546918.86,21460898.86,4913980.0,9.00119677210454,16.113272181058797,8.252152989891574,10.702815562927688,2.4506625730361136,2.450662573036114,1113.9799166666667,6.399945951003291,5.140043872576109,5.298528943461179,-0.2471513325153296,-2.9079007309311082,-0.48594512457735206,-4.343154153971918,-0.238793792062022,-8.878887018243505,12078.23999999999,0.6060070846630612,-232.0,-11.417322834645669
EAST ZONE RO,NORTH ZONE RO,April,162,45432.0,263642.55,301045.15,37402.6,6.580185185185186,7.46478986949596,5.803014395139989,6.626279934847685,0.823265539707695,0.8232655397076956,280.44444444444446,0.1450067756038897,0.08189647179292692,0.074325705133285,,,,,,,,,,
EAST ZONE RO,NORTH ZONE RO,May,40,10922.0,66750.8,81347.3,14596.5,6.95125,8.18547860990861,6.111591283647684,7.448022340230727,1.3364310565830435,1.3364310565830433,273.05,0.03486009867814939,0.020735101406640567,0.020084015414926548,0.3085768885076945,5.317527538207158,0.8217424053830422,12.401263053519504,0.5131655168753485,62.33292809238083,-34510.0,-75.95967599929565,-122.0,-75.30864197530865
EAST ZONE RO,NORTH ZONE RO,June,104,42618.0,254695.5,299715.45,45019.95,7.079326923076923,8.160141418058497,5.9762424327748835,7.0326024215120375,1.0563599887371533,1.056359988737154,409.78846153846155,0.13602524129878873,0.07911720938647959,0.07399741254954555,-0.13534885087280024,-2.2146253666363913,-0.41541991871868955,-5.577586904845678,-0.2800710678458902,-20.95664168131273,31696.0,290.2032594762864,64.0,160.0
EAST ZONE RO,NORTH ZONE RO,July,82,23120.29,148534.1,180125.59,31591.489999999998,6.948170874190341,8.05378669848436,6.424404711186581,7.790801499462161,1.3663967882755794,1.3663967882755799,281.95475609756096,0.07379377319789696,0.04613981593994515,0.04447160663209153,0.4481622784116972,7.4990645619375735,0.7581990779501231,10.781202071524289,0.3100367995384261,29.34954019879774,-19497.71,-45.74994133934018,-22.0,-21.153846153846153
EAST ZONE RO,EAST ZONE RO,April,63,67570.93000000001,304613.12,490375.83,185762.71,6.559948049333114,15.237734885983677,4.50804983740789,7.257201136642635,2.7491512992347444,2.749151299234745,1072.5544444444445,0.21566831052685637,0.09462334433434763,0.1210699768625068,,,,,,,,,,
EAST ZONE RO,EAST ZONE RO,May,76,47451.29,309514.68,554202.51,244687.83,7.634127854349003,19.450045595299557,6.522787473217272,11.679398178637504,5.156610705420231,5.156610705420232,624.3590789473684,0.1514518084421794,0.09614593797593295,0.13682828752559684,2.0147376358093814,44.692000054902834,4.422197041994869,60.93529666232578,2.407459406185487,87.57100443528257,-20119.640000000007,-29.775585447765785,13.0,20.634920634920636
EAST ZONE RO,EAST ZONE RO,June,93,38175.144,249801.58,415330.44,165528.86,7.267529389308809,15.137789192036356,6.543566148696125,10.879603754736328,4.336037606040202,4.336037606040203,410.4854193548387,0.12184483491050747,0.07759698899247704,0.10254185399205905,0.02077867547885326,0.3185551509101135,-0.7997944239011758,-6.8479078430946885,-0.8205730993800291,-15.913031761686138,-9276.146,-19.54877517555371,17.0,22.36842105263158
EAST ZONE RO,EAST ZONE RO,July,85,39011.93,278196.97,496280.56,218083.59,8.382721492052273,22.84558649121823,7.131074263693183,12.72125116598948,5.590176902296298,5.590176902296298,458.9638823529412,0.12451563169978544,0.08641757677765874,0.12252780875540281,0.5875081149970578,8.978408739921196,1.8416474112531525,16.927522847065173,1.2541392962560955,28.92362590465198,836.7860000000001,2.191965536528166,-8.0,-8.602150537634408
EAST ZONE RO,NORTH EAST ZONE RO,April,568,215773.04,1686008.96,2016581.56,330572.6,7.5971530058859615,9.6042609170523,7.8138073227313285,9.345845801681248,1.5320384789499186,1.5320384789499197,379.88211267605635,0.6886897515550517,0.5237325508923428,0.49787829634783975,,,,,,,,,,
EAST ZONE RO,NORTH EAST ZONE RO,May,529,239500.46,1974434.83,2448048.83,473614.0,8.138163711253805,10.76965590701792,8.243970930160218,10.221478614279071,1.977507684118853,1.9775076841188532,452.7418903591682,0.7644213211007298,0.6133275769107356,0.6044042081078647,0.4301636074288897,5.5051729542586845,0.8756328125978232,9.369219556782152,0.4454692051689344,29.076894039519516,23727.419999999984,10.996471106863018,-39.0,-6.866197183098592
EAST ZONE RO,NORTH EAST ZONE RO,June,684,261172.965,2223925.58,2755052.8,531127.22,8.511123375057984,11.085937501812678,8.51514466667712,10.548767174274719,2.033622507597599,2.033622507597599,381.83182017543857,0.8335941523498313,0.6908280113814657,0.6802010995341768,0.2711737365169018,3.2893582329945414,0.32728855999564743,3.2019688378395275,0.05611482347874586,2.837653877625753,21672.505000000005,9.049045250267998,155.0,29.300567107750474
EAST ZONE RO,NORTH EAST ZONE RO,July,778,291025.645,2358848.42,3049138.8,690290.38,8.499395660293494,12.239215851586998,8.105294019707438,10.477216878945494,2.3719228592380577,2.3719228592380563,374.0689524421594,0.9288759112408052,0.7327397003720386,0.7528086446809007,-0.4098506469696819,-4.81319652235126,-0.07155029532922441,-0.6782811123532438,0.3383003516404588,16.635356383821048,29852.680000000022,11.430233600173748,94.0,13.742690058479532
EAST ZONE RO,NEPAL ZONE,April,186,148524.56,1237287.43,1724726.75,487439.32,8.822147210727133,19.375869062550613,8.330524123417703,11.612401006271286,3.2818768828535836,3.2818768828535827,798.5191397849462,0.4740506150639736,0.38434416261994897,0.4258216146514533,,,,,,,,,,
EAST ZONE RO,NEPAL ZONE,May,194,155336.166,1338044.19,1866353.91,528309.72,8.564127632707098,17.250915857500843,8.6138613077395,12.014934822068415,3.4010735143289166,3.4010735143289157,800.7018865979381,0.4957914370120302,0.41564268842045693,0.4607882584689158,0.28333718432179644,3.40119277159663,0.40253381579712944,3.466413324684023,0.11919663147533299,3.631965357935421,6811.606,4.586181571586544,8.0,4.301075268817204
EAST ZONE RO,NEPAL ZONE,June,219,131996.754,1075935.36,1607461.43,531526.07,8.876178221505201,19.544658240303097,8.151225900600558,12.178037575075521,4.026811674474965,4.026811674474963,602.724904109589,0.42129828507923545,0.33422264297342247,0.3968697195729898,-0.4626354071389418,-5.370824890380657,0.16310275300710586,1.357500106513496,0.6257381601460485,18.398254477881117,-23339.41200000001,-15.025098533718163,25.0,12.88659793814433
EAST ZONE RO,NEPAL ZONE,July,208,203026.712,1474908.07,2022008.26,547100.19,7.979595675386775,17.3434560801386,7.264601073773977,9.959321313345212,2.694720239571234,2.694720239571235,976.0899615384616,0.6480068865244659,0.458157331401609,0.4992181063532386,-0.8866248268265808,-10.877196113056527,-2.218716261730309,-18.21899668195555,-1.332091434903731,-33.08054964048984,71029.95800000001,53.81189752590433,-11.0,-5.0228310502283104
WEST ZONE RO,NORTH ZONE RO,April,19,41566.0,239924.7,287969.86,48045.16,10.19421052631579,13.879253510654936,5.772138286099216,6.92801472357215,1.1558764374729347,1.1558764374729336,2187.684210526316,0.13266753906390383,0.07452888930855983,0.07109751776978757,,,,,,,,,,
WEST ZONE RO,NORTH ZONE RO,May,29,60270.0,371054.3,433883.19,62828.89,9.607471264367817,12.899156426682568,6.156533930645429,7.198991040318567,1.0424571096731374,1.0424571096731379,2078.2758620689656,0.19236569743014684,0.11526226708698668,0.10712238360999693,0.38439564454621244,6.659501652480077,0.27097631674641676,3.9113126567764973,-0.11341932779979724,-9.812409365118926,18704.0,44.998315931289994,10.0,52.63157894736842
WEST ZONE RO,NORTH ZONE RO,June,17,43878.0,286768.5,352723.0,65954.5,8.291492135968046,10.576026146598478,6.535587310269383,8.038720999133963,1.503133688864579,1.5031336888645797,2581.0588235294117,0.14004682382346081,0.08908018971653081,0.0870845641981865,0.37905337962395436,6.156928295922114,0.8397299588153961,11.664550686511715,0.46067657919144156,44.191418036938394,-16392.0,-27.19761075161772,-12.0,-41.37931034482759
WEST ZONE RO,NORTH ZONE RO,July,20,35197.0,275890.4,360217.0,84326.6,9.4717,12.749313715208642,7.838463505412394,10.234309742307582,2.3958462368951903,2.3958462368951885,1759.85,0.1123393969213353,0.08570107655816304,0.08893477448813415,1.3028761951430106,19.935105037856328,2.1955887431736194,27.31266259160079,0.8927125480306113,59.39009647937163,-8681.0,-19.78440220611696,3.0,17.647058823529413
WEST ZONE RO,EAST ZONE RO,April,333,334939.4,3947157.61,4947937.6,1000779.99,13.497208582272961,23.347329726824558,11.784691827835124,14.772635288652214,2.9879434608170907,2.9879434608170907,1005.8240240240241,1.069036855447734,1.2261233320251295,1.2216072940404248,,,,,,,,,,
WEST ZONE RO,EAST ZONE RO,May,290,270330.13,3174523.35,4092022.07,917498.72,13.753894748341235,24.967061100881352,11.743135513603312,15.13712907251589,3.3939935589125785,3.3939935589125785,932.1728620689655,0.8628213703970841,0.9861164747088922,1.0102884094751716,-0.04155631423181205,-0.3526296218765531,0.3644937838636757,2.4673579002093566,0.40605009809548775,13.589617856572435,-64609.27000000002,-19.28983869917962,-43.0,-12.912912912912914
WEST ZONE RO,EAST ZONE RO,June,346,248764.0,3325112.19,4598586.95,1273474.76,13.617536741405408,24.1683213833848,13.36653289865093,18.48574130501198,5.119208406361049,5.11920840636105,718.971098265896,0.793988059656762,1.0328945637821074,1.135355336817326,1.6233973850476193,13.824224230122073,3.348612232496091,22.12184501072983,1.7252148474484708,50.83141194885539,-21566.130000000005,-7.97770119076257,56.0,19.310344827586206
WEST ZONE RO,EAST ZONE RO,July,505,275004.75,3271518.4,4310840.82,1039322.42,13.655099685854257,22.67398888823818,11.896225065203419,15.67551404112111,3.7792889759176886,3.779288975917691,544.5638613861386,0.8777415053982607,1.0162464836030505,1.064313056243718,-1.470307833447512,-10.999919310383836,-2.810227263890871,-15.202134539927501,-1.3399194304433606,-26.17434814293549,26240.75,10.54845154443569,159.0,45.95375722543353
WEST ZONE RO,WEST ZONE RO,April,5,10030.0,37912.0,52088.0,14176.0,5.674,8.954782608695652,3.7798604187437688,5.193220338983051,1.4133599202392821,1.413359920239282,2006.0,0.032013073589254565,0.011776775177654158,0.012860121908566037,,,,,,,,,,
WEST ZONE RO,WEST ZONE RO,May,21,30440.0,148419.0,207918.73,59499.729999999996,6.282380952380953,9.704930450030517,4.875788436268068,6.830444480946124,1.954656044678055,1.9546560446780559,1449.5238095238096,0.09715632702461705,0.04610406190895369,0.051333516642493984,1.0959280175242991,28.993875331738554,1.637224141963073,31.52618289028111,0.5412961244387728,38.298533635164304,20410.0,203.48953140578266,16.0,320.0
WEST ZONE RO,WEST ZONE RO,June,20,35029.0,204208.3,263927.0,59718.7,7.274666666666667,11.799623984018545,5.82969254046647,7.534528533500813,1.7048359930343429,1.7048359930343429,1751.45,0.11180318591804568,0.06343414323989643,0.0651615227108376,0.9539041041984024,19.564099563936807,0.7040840525546894,10.308026871732405,-0.24982005164371213,-12.780767865727455,4589.0,15.075558475689881,-1.0,-4.761904761904762
WEST ZONE RO,WEST ZONE RO,July,35,66415.0,266198.96,365486.3,99287.34,5.166171428571428,8.230173504788281,4.008115034254311,5.503068583904239,1.4949535496499284,1.494953549649928,1897.5714285714287,0.21197889156832922,0.08269058093599263,0.0902357236582464,-1.8215775062121597,-31.24654505478266,-2.0314599495965746,-26.962004862866785,-0.20988244338441442,-12.311004943698796,31386.0,89.60004567643952,15.0,75.0
WEST ZONE RO,SOUTH ZONE RO,April,7,20295.0,165037.0,191800.0,26763.0,10.200000000000001,12.662534060276652,8.13190440995319,9.45060359694506,1.3186991869918698,1.3186991869918696,2899.285714285714,0.0647762042366821,0.051266186035938736,0.047353927623693864,,,,,,,,,,
WEST ZONE RO,SOUTH ZONE RO,May,3,7800.0,41470.0,58800.0,17330.0,5.533333333333334,7.898924731182795,5.316666666666666,7.538461538461538,2.221794871794872,2.221794871794872,2600.0,0.02489551086701751,0.012882012729935586,0.01451726248317622,-2.8152377432865237,-34.61966104570491,-1.9121420584835214,-20.233015160022457,0.9030956848030021,68.48382813241014,-12495.0,-61.56688839615669,-4.0,-57.142857142857146
WEST ZONE RO,SOUTH ZONE RO,June,14,42038.0,227381.0,284000.0,56619.0,8.370000000000001,11.039577529431993,5.408939530900613,6.755792378324373,1.3468528474237595,1.3468528474237598,3002.714285714286,0.1341740366445746,0.07063238332639217,0.07011739022486474,0.09227286423394698,1.7355397661557428,-0.7826691601371651,-10.382346001819537,-0.8749420243711123,-39.37996416673212,34238.0,438.94871794871796,11.0,366.6666666666667
WEST ZONE RO,SOUTH ZONE RO,July,15,41640.0,212762.0,299600.0,86838.0,7.536666666666666,13.7852636968766,5.109558117195005,7.195004803073967,2.0854466858789626,2.0854466858789626,2776.0,0.13290372724392424,0.06609121756562708,0.07396890884285026,-0.2993814137056088,-5.53493733836881,0.4392124247495941,6.501271799867408,0.7385938384552031,54.838495524434954,-398.0,-0.9467624530186973,1.0,7.142857142857143
WEST ZONE RO,NORTH EAST ZONE RO,April,683,355476.6,5054065.89,5830878.27,776812.38,16.074129883335797,20.852688054803444,14.217717537525676,16.402987622813992,2.1852700852883147,2.185270085288316,520.4635431918008,1.1345860972141586,1.5699672325274467,1.4395984753918105,,,,,,,,,,
WEST ZONE RO,NORTH EAST ZONE RO,May,733,450864.0,6356306.95,7397997.36,1041690.41,16.256560547219895,21.81088743983684,14.098058283650946,16.408489832854254,2.3104315492033076,2.310431549203308,615.094133697135,1.4390371296855107,1.9744882335490244,1.8265079851184476,-0.11965925387472964,-0.8416207000800641,0.005502210040262412,0.03354395044845183,0.12516146391499294,5.727505481249459,95387.40000000002,26.833665000734232,50.0,7.320644216691069
WEST ZONE RO,NORTH EAST ZONE RO,June,775,447872.3,6455763.7,7789195.92,1333432.22,16.369053563691786,22.0901193065388,14.414295548083684,17.391555405413552,2.9772598573298685,2.9772598573298676,577.8997419354838,1.4294884245751445,2.005382931392719,1.9230918657062124,0.31623726443273803,2.243126380031128,0.9830655725592976,5.9912007904038385,0.6668283081265609,28.861634457705502,-2991.7000000000116,-0.6635482096596782,42.0,5.729877216916781
WEST ZONE RO,NORTH EAST ZONE RO,July,711,449076.41,6519622.61,7939451.94,1419829.33,16.66999780901573,22.652575219111064,14.517846996238347,17.67951235737366,3.1616653611353134,3.161665361135313,631.6123909985935,1.4333316211892577,2.025219711994113,1.9601889079173922,0.1035514481546631,0.7183940957033437,0.2879569519601084,1.6557285719854284,0.18440550380544485,6.193799421016191,1204.109999999986,0.2688511881623369,-64.0,-8.258064516129032
WEST ZONE RO,NEPAL ZONE,April,1330,1191443.46,15431835.93,19794961.46,4363125.53,13.65566976422889,23.989806902171235,12.952218420838872,16.61426842697177,3.662050006132897,3.6620500061328976,895.8221503759398,3.802768411008582,4.793660643755422,4.887221961890768,,,,,,,,,,
WEST ZONE RO,NEPAL ZONE,May,1186,1119550.92,14231894.14,18165850.41,3933956.27,13.814896474536859,25.11778979705377,12.71214545560822,16.226015347296578,3.513869891688357,3.5138698916883584,943.972107925801,3.573306678851212,4.420917325357503,4.485007119593272,-0.24007296523065236,-1.8535277697633488,-0.3882530796751915,-2.336865335851307,-0.14818011444454005,-4.046370590144326,-71892.54000000004,-6.034070638987774,-144.0,-10.827067669172932
WEST ZONE RO,NEPAL ZONE,June,1532,1376141.09,18395581.88,24254025.95,5858444.07,14.021061222150589,25.425352975478877,13.367511524563225,17.624665178771746,4.257153654208523,4.257153654208521,898.2644190600523,4.392273777005682,5.714302386128102,5.988130288944175,0.655366068955006,5.155432426757499,1.3986498314751685,8.619798524399881,0.7432837625201656,21.152853845793075,256590.17000000016,22.9190263181598,346.0,29.17369308600337
WEST ZONE RO,NEPAL ZONE,July,1132,1120669.11,14280112.36,18736830.19,4456717.83,13.799205368446485,24.715068775433817,12.742487708972364,16.71932421694036,3.976836507967994,3.976836507967997,989.9903798586573,3.576875641837929,4.435895568035459,4.625977584539636,-0.6250238155908612,-4.675693111933064,-0.905340961831385,-5.1367838914854085,-0.2803171462405287,-6.5846142519054665,-255471.97999999998,-18.564374093356953,-400.0,-26.109660574412533
SOUTH ZONE RO,NORTH ZONE RO,April,57,36907.55,255282.61,317484.44,62201.83,7.4903508771929825,8.51573364382026,6.9168126846675,8.602154301762106,1.6853416170946052,1.6853416170946058,647.5008771929826,0.11779901437179387,0.07929958600798605,0.07838443792184034,,,,,,,,,,
SOUTH ZONE RO,NORTH ZONE RO,May,19,22467.0,181659.4,226266.27000000002,44606.87,8.946842105263158,11.52846781900978,8.085610005786265,10.071049539324344,1.9854395335380781,1.985439533538079,1182.4736842105262,0.07170864649349774,0.05642967695472536,0.05586338150815002,1.168797321118765,16.897917789643753,1.4688952375622382,17.075899664591493,0.30009791644347295,17.806355305034113,-14440.550000000003,-39.12627633099461,-38.0,-66.66666666666667
SOUTH ZONE RO,NORTH ZONE RO,June,40,49013.0,401555.35,550429.69,148874.34,8.213,11.330024295847078,8.192833533960377,11.230279517678982,3.037445983718605,3.037445983718605,1225.325,0.15643636847758066,0.12473694551419676,0.1358968076235258,0.10722352817411185,1.3261031399904275,1.159229978354638,11.510518082829424,1.052006450180527,52.986073481967914,26546.0,118.15551698046023,21.0,110.52631578947368
SOUTH ZONE RO,NORTH ZONE RO,July,53,41581.0,327700.55,388773.85,61073.3,8.486119643118327,12.112970812388815,7.881016570068059,9.349795579711888,1.4687790096438278,1.4687790096438285,784.5471698113207,0.1327154150463404,0.10179509661699766,0.09598523855518673,-0.3118169638923174,-3.8059721657933716,-1.8804839379670941,-16.74476521271612,-1.5686669740747774,-51.64427556846067,-7432.0,-15.163324016077366,13.0,32.5
SOUTH ZONE RO,EAST ZONE RO,April,192,152717.72,1587538.09,2044513.74,456975.65,9.980282164440448,17.60784978290064,10.395244834718591,13.387534465548596,2.9922896308300047,2.9922896308300047,795.4047916666667,0.4874340586982227,0.49314410138986314,0.504774534252386,,,,,,,,,,
SOUTH ZONE RO,EAST ZONE RO,May,156,103635.1,1118011.6,1531499.76,413488.16,10.838460631777464,19.230778320682308,10.787962765510914,14.777809448729242,3.98984668321833,3.989846683218328,664.3275641025641,0.3307754818274931,0.34729297476285637,0.37811537430002357,0.39271793079232253,3.7778612917389145,1.390274983180646,10.384847088598514,0.9975570523883253,33.33758343812533,-49082.619999999995,-32.13944000735474,-36.0,-18.75
SOUTH ZONE RO,EAST ZONE RO,June,197,106142.95,1315663.88,1848844.58,533180.7,11.415695348507313,19.376119028547922,12.395207406615324,17.418439755066164,5.023232348450839,5.02323234845084,538.7967005076142,0.33877986733106363,0.4086905920057015,0.4564653411302329,1.6072446411044101,14.898500078650313,2.640630306336922,17.86888858933008,1.033385665232509,25.900385335081328,2507.8499999999913,2.4198847687704177,41.0,26.28205128205128
SOUTH ZONE RO,EAST ZONE RO,July,179,112331.0,1070013.8,1443164.86,373151.06,9.739919305394523,16.096617279307228,9.525543260542504,12.84743178641693,3.321888525874425,3.321888525874426,627.5474860335196,0.35853046553883894,0.3323832021414697,0.3563061748149024,-2.86966414607282,-23.151400794965962,-4.5710079686492335,-26.242350250226938,-1.7013438225764141,-33.869502833192804,6188.050000000003,5.829920875573934,-18.0,-9.137055837563452
SOUTH ZONE RO,WEST ZONE RO,April,4,9000.0,50400.0,57600.4,7200.4,5.2,6.104792259453575,5.6,6.400044444444444,0.8000444444444444,0.8000444444444446,2250.0,0.02872558946194328,0.01565597881815176,0.014221090577141897,,,,,,,,,,
SOUTH ZONE RO,WEST ZONE RO,May,2,6000.0,38000.0,56772.0,18772.0,6.25,10.471,6.333333333333333,9.462,3.1286666666666667,3.1286666666666667,3000.0,0.019150392974628852,0.011804111013685852,0.014016565062838101,0.7333333333333334,13.095238095238098,3.0619555555555555,47.84272331442143,2.328622222222222,291.0616076884617,-3000.0,-33.333333333333336,-2.0,-50.0
SOUTH ZONE RO,WEST ZONE RO,June,1,800.0,2544.0,3100.0,556.0,3.18,3.875,3.18,3.875,0.695,0.6949999999999998,800.0,0.0025533857299505137,0.0007902541689162317,0.0007653658792150729,-3.153333333333333,-49.78947368421053,-5.587,-59.04671316846332,-2.433666666666667,-77.7860643511613,-5200.0,-86.66666666666667,-1.0,-50.0
SOUTH ZONE RO,WEST ZONE RO,July,7,10921.0,68866.89,95798.29000000001,26931.4,8.237142857142857,15.125176639181465,6.305914293562861,8.771933888838019,2.4660195952751582,2.4660195952751582,1560.142857142857,0.03485690694598695,0.021392431966507686,0.023651852404242103,3.1259142935628605,98.29919162147358,4.896933888838019,126.37248745388436,1.7710195952751584,254.8229633489437,10121.0,1265.125,6.0,600.0
SOUTH ZONE RO,SOUTH ZONE RO,April,2,240.0,1130.4,1845.44,715.0400000000001,4.71,9.351526315789474,4.71,7.689333333333334,2.979333333333334,2.979333333333334,120.0,0.0007660157189851542,0.0003511412392071181,0.00045562477681892387,,,,,,,,,,
SOUTH ZONE RO,SOUTH ZONE RO,May,9,1796.0,11980.0,16091.46,4111.46,8.333333333333334,12.54258455625742,6.6703786191536745,8.959610244988864,2.2892316258351895,2.28923162583519,199.55555555555554,0.0057323509637389036,0.0037214013143146447,0.003972856267985218,1.9603786191536745,41.621626733623664,1.2702769116555306,16.51998758005285,-0.6901017074981444,-23.16295728904042,1556.0,648.3333333333334,7.0,350.0
SOUTH ZONE RO,SOUTH ZONE RO,June,3,5600.0,22910.0,28499.75,5589.75,7.93,10.19442361111111,4.0910714285714285,5.089241071428572,0.9981696428571428,0.9981696428571434,1866.6666666666667,0.017873700109653598,0.007116636403251128,0.007036366521341862,-2.579307190582246,-38.66807774862867,-3.8703691735602925,-43.19796361370743,-1.2910619829780465,-56.39717573388946,3804.0,211.80400890868597,-6.0,-66.66666666666667
SOUTH ZONE RO,SOUTH ZONE RO,July,8,9882.0,60158.0,82960.98,22802.98,11.186250000000001,17.004639050136,6.087634082169601,8.395160898603521,2.30752681643392,2.3075268164339198,1235.25,0.031540697229213724,0.018687150272666143,0.020482420451046476,1.9965626535981729,48.80292824159655,3.3059198271749493,64.95899449005593,1.3093571735767773,131.1758159493708,4282.0,76.46428571428571,5.0,166.66666666666666
SOUTH ZONE RO,NORTH EAST ZONE RO,April,239,155455.6,2307640.66,2665878.87,358238.21,15.212068060375408,17.87794492482504,14.84437138321167,17.14881207238594,2.3044406891742724,2.304440689174271,650.4418410041841,0.49617263835111886,0.716832803429876,0.6581847500704628,,,,,,,,,,
SOUTH ZONE RO,NORTH EAST ZONE RO,May,177,100113.0,1467877.4,1744673.06,276795.66,15.656805915195157,19.457504554480998,14.662205707550466,17.42703804700688,2.764832339456414,2.764832339456415,565.6101694915254,0.31953388197816973,0.4559733627389619,0.43074620339024244,-0.1821656756612029,-1.2271700226203197,0.27822597462094123,1.6224212700362937,0.46039165028214146,19.97845518198644,-55342.600000000006,-35.60026142512718,-62.0,-25.94142259414226
SOUTH ZONE RO,NORTH EAST ZONE RO,June,193,109019.0,1584405.55,1900635.84,316230.29,15.135289476004502,18.94993130467646,14.533297406874032,17.433987103165503,2.900689696291472,2.9006896962914706,564.8652849740932,0.34795944861684386,0.49217102639210497,0.4692522002417027,-0.128908300676434,-0.8791876423480488,0.006949056158621403,0.03987514194826076,0.13585735683505806,4.91376474791121,8906.0,8.895947579235465,16.0,9.03954802259887
SOUTH ZONE RO,NORTH EAST ZONE RO,July,241,123855.0,1912422.1,2306306.65,393884.55,15.715021929864362,20.407303206437597,15.44081466230673,18.621021759315326,3.1802070970085987,3.180207097008596,513.9211618257261,0.3953119869787761,0.5940642835112164,0.5694091667473611,0.9075172554326976,6.244400221270195,1.187034656149823,6.808738868083092,0.27951740071712683,9.636239307999388,14836.0,13.60863702657335,48.0,24.870466321243523
SOUTH ZONE RO,NEPAL ZONE,April,245,281472.59,4256743.86,5553778.22,1297034.3599999999,16.447585171235396,31.864133632327764,15.12312037204049,19.731151157560312,4.6080307855198255,4.608030785519823,1148.8677142857143,0.8983851183477647,1.3222915021122534,1.3711846291341363,,,,,,,,,,
SOUTH ZONE RO,NEPAL ZONE,May,294,311131.64,4895631.25,6489126.23,1593494.98,16.215992303920896,30.492626562696596,15.734919309395854,20.85652950628872,5.121610196892865,5.121610196892865,1058.2708843537416,0.9930488621401256,1.5207519672913061,1.6021147749553357,0.6117989373553652,4.0454543923782715,1.1253783487284075,5.703561539526296,0.5135794113730396,11.145312070980522,29659.04999999999,10.537100610755736,49.0,20.0
SOUTH ZONE RO,NEPAL ZONE,June,287,310342.68,4918514.27,6817801.87,1899287.6,16.378977366406367,31.618951009930374,15.848655653808235,21.96862471510525,6.119969061297016,6.119969061297015,1081.3333797909409,0.9905307131332484,1.5278602227757374,1.6832622330795863,0.11373634441238067,0.7228276305456797,1.1120952088165303,5.332120132839973,0.9983588644041506,19.493066165203793,-788.960000000021,-0.2535775532183165,-7.0,-2.380952380952381
SOUTH ZONE RO,NEPAL ZONE,July,221,198611.28,3054786.84,4095456.34,1040669.5,16.02081068388996,31.91090830665733,15.380731849671378,20.620461939523274,5.2397300898518955,5.239730089851896,898.6935746606334,0.6339140101990074,0.9489221837501737,1.0111363040164658,-0.4679238041368574,-2.9524510744507286,-1.3481627755819758,-6.136764558843787,-0.8802389714451202,-14.383062440818446,-111731.4,-36.002589137916836,-66.0,-22.99651567944251
NORTH EAST ZONE RO,NORTH ZONE RO,April,1,20.0,300.0,500.0,200.0,15.0,25.0,15.0,25.0,10.0,10.0,20.0,6.383464324876285e-05,9.31903501080462e-05,0.0001234461095508182,,,,,,,,,,
NORTH EAST ZONE RO,NORTH ZONE RO,May,1,380.0,8170.0,10400.0,2230.0,21.5,27.36842105263158,21.5,27.36842105263158,5.868421052631579,5.868421052631579,380.0,0.001212858221726494,0.0025378838679424582,0.0025676790786570186,6.5,43.333333333333336,2.3684210526315788,9.473684210526315,-4.131578947368421,-41.31578947368421,360.0,1800.0,0.0,0.0
NORTH EAST ZONE RO,NORTH ZONE RO,June,2,4050.0,25920.0,30460.0,4540.0,13.115,19.31125,6.4,7.5209876543209875,1.1209876543209876,1.1209876543209871,2025.0,0.012926515257874477,0.00805164624933519,0.007520336993835845,-15.1,-70.23255813953489,-19.847433398310592,-72.51946818613486,-4.747433398310591,-80.89796822233293,3670.0,965.7894736842105,1.0,100.0
NORTH EAST ZONE RO,NORTH ZONE RO,July,7,77800.0,397900.0,454950.0,57050.0,4.33,5.153571428571429,5.114395886889461,5.847686375321337,0.7332904884318766,0.7332904884318765,11114.285714285714,0.24831676223768748,0.12360146769330527,0.11232361508028949,-1.2856041131105398,-20.08756426735218,-1.6733012789996504,-22.248424753606646,-0.38769716588911096,-34.585319864557256,73750.0,1820.9876543209878,5.0,250.0
NORTH EAST ZONE RO,EAST ZONE RO,May,2,3400.0,13420.0,15300.0,1880.0,3.9,4.5,3.947058823529412,4.5,0.5529411764705883,0.552941176470588,1700.0,0.010851889352289684,0.0041687149948332666,0.003777450952255037,,,,,,,,,,
NORTH EAST ZONE RO,EAST ZONE RO,June,3,1199.0,16031.75,18966.75,2935.0,12.305,16.70896733403583,13.3709341117598,15.818807339449542,2.4478732276897412,2.447873227689742,399.6666666666667,0.0038268868627633324,0.004980014651148898,0.004682742996645962,9.423875288230388,238.75689999987569,11.318807339449542,251.52905198776762,1.894932051219153,342.7004773481447,-2201.0,-64.73529411764706,1.0,50.0
NORTH EAST ZONE RO,WEST ZONE RO,May,1,2200.0,55000.0,70998.0,15998.0,25.0,32.27181818181818,25.0,32.27181818181818,7.2718181818181815,7.271818181818183,2200.0,0.007021810757363913,0.01708489751980847,0.017528853771777982,,,,,,,,,,
NORTH EAST ZONE RO,WEST ZONE RO,June,1,35.0,1050.0,2100.0,1050.0,30.0,60.0,30.0,60.0,30.0,30.0,35.0,0.00011171062568533498,0.0003261662253781617,0.0005184736601134364,5.0,20.0,27.728181818181817,85.92073016141299,22.728181818181817,312.55156894611827,-2165.0,-98.4090909090909,0.0,0.0
NORTH EAST ZONE RO,SOUTH ZONE RO,April,2,3400.0,90000.0,96917.67,6917.669999999998,25.943396226415096,29.13316364779874,26.470588235294116,28.50519705882353,2.0346088235294113,2.034608823529414,1700.0,0.010851889352289684,0.02795710503241386,0.023928218616460092,,,,,,,,,,
NORTH EAST ZONE RO,NORTH EAST ZONE RO,April,471,431793.0,2658310.42,2926100.66,267790.24,6.229791087653029,7.759625746435081,6.156446306447766,6.776628291797227,0.6201819853494615,0.6201819853494612,916.7579617834394,1.3781676056156529,0.825762929118891,0.7224314852621628,,,,,,,,,,
NORTH EAST ZONE RO,NORTH EAST ZONE RO,May,459,330918.7,1947975.53,2222118.17,274142.64,6.16788192788452,7.75454139117467,5.886568302123754,6.714997278787811,0.8284289766640568,0.8284289766640569,720.9557734204793,1.0562038579422188,0.6051084054753562,0.5486236860973673,-0.26987800432401166,-4.383665362944256,-0.06163101300941598,-0.9094642697758304,0.20824699131459534,33.5783683231708,-100874.29999999999,-23.361726568054596,-12.0,-2.5477707006369426
NORTH EAST ZONE RO,NORTH EAST ZONE RO,June,481,339613.36,1955581.68,2248224.44,292642.76,6.0705531940148365,7.748125276702366,5.758258980153196,6.6199528781788795,0.8616938980256843,0.8616938980256839,706.0568814968815,1.0839548839056834,0.6074711380802705,0.5550691210301338,-0.12830932197055844,-2.1796964782395722,-0.09504440060893149,-1.4154049013418049,0.03326492136162751,4.0154222387994825,8694.659999999974,2.6274308463075595,22.0,4.793028322440088
NORTH EAST ZONE RO,NORTH EAST ZONE RO,July,454,303188.267,1706973.24,1951679.72,244706.48,6.029229752544889,7.226478601284507,5.630076839352098,6.437187491823356,0.8071106524712581,0.8071106524712581,667.8155660792951,0.9676957430577828,0.5302447795355532,0.48185453704646036,-0.1281821408010977,-2.226057237836973,-0.18276538635552342,-2.760826092251602,-0.054583245554426174,-6.3344124496514915,-36425.09299999999,-10.725459387110094,-27.0,-5.613305613305613
NEPAL ZONE,NORTH ZONE RO,May,3,19717.0,6.0,781.0,775.0,0.0335,1.2114872077885324,0.00030430592889384796,0.03961048841101587,0.039306182482122025,0.039306182482122025,6572.333333333333,0.06293138304679285,1.8638070021609238e-06,0.00019282282311837803,,,,,,,,,,
NEPAL ZONE,NORTH ZONE RO,June,1,1600.0,0.0,1566.6,1566.6,0.0,0.9791249999999999,0.0,0.9791249999999999,0.9791249999999999,0.9791249999999999,1600.0,0.005106771459901027,0.0,0.00038678135044462357,-0.00030430592889384796,-100.0,0.939514511588984,2371.8831786171572,0.9398188175178779,2391.020338709677,-18117.0,-91.88517522949739,-2.0,-66.66666666666667
NEPAL ZONE,NORTH ZONE RO,July,2,1195.0,12595.0,15000.0,2405.0,5.5,6.550218340611353,10.539748953974895,12.552301255230125,2.01255230125523,2.01255230125523,597.5,0.00381411993411358,0.003912441532036139,0.003703383286524546,10.539748953974895,,11.573176255230125,1181.9917023087069,1.0334273012552302,105.54600293682934,-405.0,-25.3125,1.0,100.0
NEPAL ZONE,EAST ZONE RO,May,1,1800.0,30600.0,34500.0,3900.0,17.0,19.166666666666668,17.0,19.166666666666668,2.1666666666666665,2.166666666666668,1800.0,0.005745117892388656,0.009505415711020712,0.008517781559006456,,,,,,,,,,
NEPAL ZONE,EAST ZONE RO,June,1,135.0,675.0,1500.0,825.0,5.0,11.11111111111111,5.0,11.11111111111111,6.111111111111111,6.111111111111111,135.0,0.0004308838419291492,0.00020967828774310393,0.0003703383286524546,-12.0,-70.58823529411765,-8.055555555555557,-42.02898550724638,3.944444444444444,182.05128205128204,-1665.0,-92.5,0.0,0.0
NEPAL ZONE,WEST ZONE RO,May,1,814.0,24420.0,33000.0,8580.0,30.0,40.54054054054054,30.0,40.54054054054054,10.54054054054054,10.54054054054054,814.0,0.0025980699802246477,0.007585694498794961,0.008147443230354,,,,,,,,,,
NEPAL ZONE,WEST ZONE RO,June,2,458.0,15768.0,19531.0,3763.0,49.5,62.040214096248576,34.427947598253276,42.64410480349345,8.216157205240174,8.216157205240172,229.0,0.0014618133303966692,0.004898084801678908,0.00482205193127406,4.427947598253276,14.759825327510919,2.103564262952908,5.188791848617173,-2.3243833353003662,-22.051841899003474,-356.0,-43.73464373464373,1.0,100.0
NEPAL ZONE,WEST ZONE RO,July,2,5195.0,59402.5,70000.0,10597.5,12.25,14.712917178835383,11.434552454282965,13.474494706448509,2.039942252165544,2.0399422521655435,2597.5,0.016581048583866147,0.018452465907644048,0.017282455337114547,-22.99339514397031,-66.7870051746474,-29.169610097044938,-68.40244444445538,-6.176214953074631,-75.17157715939891,4737.0,1034.2794759825329,0.0,0.0
NEPAL ZONE,SOUTH ZONE RO,April,1,7146.0,83608.2,138500.0,54891.8,11.7,19.381472152253007,11.7,19.381472152253007,7.681472152253009,7.681472152253008,7146.0,0.022808118032782966,0.025971591433011827,0.03419457234557664,,,,,,,,,,
NEPAL ZONE,SOUTH ZONE RO,June,1,480.0,11040.0,20500.0,9460.0,23.0,42.708333333333336,23.0,42.708333333333336,19.708333333333332,19.708333333333336,480.0,0.0015320314379703083,0.0034294048839761,0.005061290491583546,11.3,96.5811965811966,23.32686118108033,120.35649819494589,12.026861181080324,156.5697426573732,-6666.0,-93.28295549958018,0.0,0.0
NEPAL ZONE,SOUTH ZONE RO,July,1,50.0,1250.0,2000.0,750.0,25.0,40.0,25.0,40.0,15.0,15.0,50.0,0.0001595866081219071,0.0003882931254501925,0.0004937844382032728,2.0,8.695652173913043,-2.7083333333333357,-6.341463414634152,-4.708333333333332,-23.89006342494714,-430.0,-89.58333333333333,0.0,0.0
NEPAL ZONE,NEPAL ZONE,April,36,94791.34,166401.94,313355.36,146953.42,4.475229700306722,21.128766233497558,1.755455086930937,3.3057382668079174,1.5502831798769805,1.5502831798769803,2633.092777777778,0.3025485685986092,0.05169018349086032,0.07736500019779215,,,,,,,,,,
NEPAL ZONE,NEPAL ZONE,May,42,60270.0,118952.55,273851.45,154898.9,5.396134046199624,23.594987712481927,1.973661025385764,4.543743985399038,2.5700829600132735,2.570082960013274,1435.0,0.19236569743014684,0.036950765935816234,0.06761179219470083,0.21820593845482694,12.430163555839897,1.2380057185911206,37.45020381745353,1.019799780136293,65.78151613676265,-34521.34,-36.41824242594313,6.0,16.666666666666668
NEPAL ZONE,NEPAL ZONE,June,34,59165.0,131065.35,265913.55,134848.2,5.660527861570957,18.738773995862037,2.215251415532832,4.494440125073946,2.279188709541114,2.279188709541114,1740.1470588235295,0.1888388333906527,0.04071341951177871,0.06565198644869395,0.24159039014706796,12.240723560918859,-0.04930386032509215,-1.0850932729380487,-0.29089425047215967,-11.318477068563473,-1105.0,-1.833416293346607,-8.0,-19.047619047619047
NEPAL ZONE,NEPAL ZONE,July,35,73005.0,98415.0,232250.01,133835.01,4.587258741489758,17.744775149511778,1.3480583521676597,3.181289089788371,1.833230737620711,1.8332307376207113,2085.8571428571427,0.23301240651879657,0.030571094352944556,0.05734072035527724,-0.8671930633651723,-39.14648501224803,-1.3131510352855749,-29.217232819715665,-0.44595797192040276,-19.56652251099431,13840.0,23.39220823121778,1.0,2.9411764705882355
